datetime,h,T,t_final,cav,path_following,delays,K,num_agents,trajectory_type,mean_mpc_time,max_mpc_time,consensus_time,du11
2026-03-14_03-40-50,0.05,1200,60,False,False,"[2.1, 1.3, 0.1, 3.5]",1,3,mixed,0.005308624903361003,0.012025594711303711,23.75,
2026-03-14_03-41-12,0.05,1200,60,False,False,"[2.1, 1.3, 0.1, 3.5]",2,3,mixed,0.005243365566868551,0.009770393371582031,10.65,
2026-03-14_03-41-26,0.05,1200,60,False,False,"[2.1, 1.3, 0.1, 3.5]",3,3,mixed,0.005904109681604979,0.00936436653137207,6.050000000000001,
2026-03-14_03-41-37,0.05,1200,60,False,False,"[2.1, 1.3, 0.1, 3.5]",4,3,mixed,0.006011545429741286,0.011393547058105469,4.3500000000000005,
2026-03-14_03-41-46,0.05,1200,60,False,False,"[2.1, 1.3, 0.1, 3.5]",5,3,mixed,0.005651610558021796,0.010675191879272461,3.5500000000000003,
2026-03-14_03-41-54,0.05,1200,60,False,False,"[2.1, 1.3, 0.1, 3.5]",10,3,mixed,0.006897318694326613,0.013985157012939453,2.4000000000000004,
2026-03-14_03-42-05,0.05,1200,60,False,False,"[2.1, 1.3, 0.1, 3.5]",15,3,mixed,0.007442214881559931,0.014808893203735352,4.15,
2026-03-14_03-42-15,0.05,1200,60,False,False,"[2.1, 1.3, 0.1, 3.5]",20,3,mixed,0.00830359141031901,0.017548799514770508,3.75,
2026-03-14_03-42-24,0.05,1200,60,False,False,"[2.1, 1.3, 0.1, 3.5]",25,3,mixed,0.008962788613013972,0.020920515060424805,2.5500000000000003,
2026-03-14_03-45-27,0.05,1200,60,False,False,"[2.1, 1.3, 0.1, 3.5]",1,4,mixed,0.005159013969240657,0.01410818099975586,59.1,
2026-03-14_03-45-55,0.05,1200,60,False,False,"[2.1, 1.3, 0.1, 3.5]",2,4,mixed,0.005462421547798883,0.011813879013061523,8.4,
2026-03-14_03-46-12,0.05,1200,60,False,False,"[2.1, 1.3, 0.1, 3.5]",3,4,mixed,0.00573337334458546,0.012690305709838867,4.65,
2026-03-14_03-46-24,0.05,1200,60,False,False,"[2.1, 1.3, 0.1, 3.5]",4,4,mixed,0.0057407928549725075,0.010451793670654297,3.45,
2026-03-14_03-46-36,0.05,1200,60,False,False,"[2.1, 1.3, 0.1, 3.5]",5,4,mixed,0.006111707152991459,0.01850581169128418,2.9000000000000004,
2026-03-14_03-46-54,0.05,1200,60,False,False,"[2.1, 1.3, 0.1, 3.5]",10,4,mixed,0.007333367735474974,0.014191389083862305,4.55,
2026-03-14_03-47-11,0.05,1200,60,False,False,"[2.1, 1.3, 0.1, 3.5]",15,4,mixed,0.008513445595660842,0.023871898651123047,4.15,
2026-03-14_03-47-27,0.05,1200,60,False,False,"[2.1, 1.3, 0.1, 3.5]",20,4,mixed,0.009429033044018324,0.01916337013244629,3.95,
2026-03-14_03-47-45,0.05,1200,60,False,False,"[2.1, 1.3, 0.1, 3.5]",25,4,mixed,0.010488004276626989,0.03347921371459961,3.8000000000000003,
2026-03-14_03-48-39,0.05,1200,60,False,False,"[2.1, 1.3, 0.1, 3.5]",1,3,circular,0.0038839810354667796,0.012132406234741211,23.75,
2026-03-14_03-48-59,0.05,1200,60,False,False,"[2.1, 1.3, 0.1, 3.5]",2,3,circular,0.0040826831065433125,0.008737564086914062,10.65,
2026-03-14_03-49-11,0.05,1200,60,False,False,"[2.1, 1.3, 0.1, 3.5]",3,3,circular,0.004203267662321569,0.008918523788452148,6.050000000000001,
2026-03-14_03-49-21,0.05,1200,60,False,False,"[2.1, 1.3, 0.1, 3.5]",4,3,circular,0.004429964270171534,0.009394645690917969,4.3500000000000005,
2026-03-14_03-49-29,0.05,1200,60,False,False,"[2.1, 1.3, 0.1, 3.5]",5,3,circular,0.004434641538091669,0.008595943450927734,3.5500000000000003,
2026-03-14_03-49-36,0.05,1200,60,False,False,"[2.1, 1.3, 0.1, 3.5]",10,3,circular,0.00495759646097819,0.01075887680053711,2.4000000000000004,
2026-03-14_03-49-45,0.05,1200,60,False,False,"[2.1, 1.3, 0.1, 3.5]",15,3,circular,0.005467338255610332,0.011169195175170898,4.15,
2026-03-14_03-49-55,0.05,1200,60,False,False,"[2.1, 1.3, 0.1, 3.5]",20,3,circular,0.0061345333523220484,0.013268470764160156,3.75,
2026-03-14_03-50-02,0.05,1200,60,False,False,"[2.1, 1.3, 0.1, 3.5]",25,3,circular,0.006688750647251902,0.014720916748046875,2.5500000000000003,
2026-03-14_03-52-47,0.05,1200,60,False,False,"[2.1, 1.3, 0.1, 3.5]",1,4,circular,0.003904453839846676,0.011522054672241211,59.45,
2026-03-14_03-53-13,0.05,1200,60,False,False,"[2.1, 1.3, 0.1, 3.5]",2,4,circular,0.004128289364633106,0.01215815544128418,8.4,
2026-03-14_03-53-28,0.05,1200,60,False,False,"[2.1, 1.3, 0.1, 3.5]",3,4,circular,0.004256987443534276,0.012505054473876953,4.65,
2026-03-14_03-53-40,0.05,1200,60,False,False,"[2.1, 1.3, 0.1, 3.5]",4,4,circular,0.004382001317065695,0.008024454116821289,3.45,
2026-03-14_03-53-51,0.05,1200,60,False,False,"[2.1, 1.3, 0.1, 3.5]",5,4,circular,0.004571854040540498,0.008916378021240234,2.9000000000000004,
2026-03-14_03-54-06,0.05,1200,60,False,False,"[2.1, 1.3, 0.1, 3.5]",10,4,circular,0.005396335334568233,0.017428159713745117,4.55,
2026-03-14_03-54-21,0.05,1200,60,False,False,"[2.1, 1.3, 0.1, 3.5]",15,4,circular,0.006147669022341809,0.011934041976928711,4.15,
2026-03-14_03-54-35,0.05,1200,60,False,False,"[2.1, 1.3, 0.1, 3.5]",20,4,circular,0.006864156904099862,0.02364063262939453,3.95,
2026-03-14_03-54-51,0.05,1200,60,False,False,"[2.1, 1.3, 0.1, 3.5]",25,4,circular,0.007484751312356246,0.01596212387084961,3.8000000000000003,
2026-03-14_17-50-44,0.05,1200,60,False,False,"[2.1, 1.3, 0.1, 3.5]",1,3,mixed,0.0059752640244747045,0.016633272171020508,33.65,
2026-03-14_17-51-09,0.05,1200,60,False,False,"[2.1, 1.3, 0.1, 3.5]",2,3,mixed,0.005715542555974683,0.01014399528503418,10.65,
2026-03-14_17-51-25,0.05,1200,60,False,False,"[2.1, 1.3, 0.1, 3.5]",3,3,mixed,0.006157096095649992,0.011044740676879883,6.050000000000001,
2026-03-14_17-51-37,0.05,1200,60,False,False,"[2.1, 1.3, 0.1, 3.5]",4,3,mixed,0.006461925433513305,0.013906240463256836,4.3500000000000005,
2026-03-14_17-51-48,0.05,1200,60,False,False,"[2.1, 1.3, 0.1, 3.5]",5,3,mixed,0.007199510162425153,0.018684864044189453,3.5500000000000003,
2026-03-14_17-51-57,0.05,1200,60,False,False,"[2.1, 1.3, 0.1, 3.5]",10,3,mixed,0.007715615961286757,0.013623476028442383,2.4000000000000004,
2026-03-14_17-52-11,0.05,1200,60,False,False,"[2.1, 1.3, 0.1, 3.5]",15,3,mixed,0.008995496604337272,0.017478227615356445,4.15,
2026-03-14_17-52-22,0.05,1200,60,False,False,"[2.1, 1.3, 0.1, 3.5]",20,3,mixed,0.008452830844455295,0.019426822662353516,3.75,
2026-03-14_17-52-32,0.05,1200,60,False,False,"[2.1, 1.3, 0.1, 3.5]",25,3,mixed,0.009171445385303373,0.018529891967773438,2.5500000000000003,
2026-03-14_17-54-17,0.05,1200,60,False,False,"[2.1, 1.3, 0.1, 3.5]",1,4,mixed,0.005966839547884666,0.01827549934387207,29.5,
2026-03-14_17-54-54,0.05,1200,60,False,False,"[2.1, 1.3, 0.1, 3.5]",2,4,mixed,0.007225777421678815,0.015003442764282227,8.4,
2026-03-14_17-55-15,0.05,1200,60,False,False,"[2.1, 1.3, 0.1, 3.5]",3,4,mixed,0.006836858487898304,0.010576248168945312,4.65,
2026-03-14_17-55-34,0.05,1200,60,False,False,"[2.1, 1.3, 0.1, 3.5]",4,4,mixed,0.0079500208730283,0.011931419372558594,3.45,
2026-03-14_17-55-50,0.05,1200,60,False,False,"[2.1, 1.3, 0.1, 3.5]",5,4,mixed,0.008312925182539841,0.016646146774291992,2.9000000000000004,
2026-03-14_17-56-16,0.05,1200,60,False,False,"[2.1, 1.3, 0.1, 3.5]",10,4,mixed,0.010232928690019545,0.0299532413482666,4.55,
2026-03-14_17-56-39,0.05,1200,60,False,False,"[2.1, 1.3, 0.1, 3.5]",15,4,mixed,0.011111104344747153,0.021499156951904297,4.15,
2026-03-14_17-56-58,0.05,1200,60,False,False,"[2.1, 1.3, 0.1, 3.5]",20,4,mixed,0.010374990445149095,0.021295547485351562,3.95,
2026-03-14_17-57-17,0.05,1200,60,False,False,"[2.1, 1.3, 0.1, 3.5]",25,4,mixed,0.011473950586820903,0.022670984268188477,3.8000000000000003,
2026-03-14_17-58-46,0.05,1200,60,False,False,"[2.1, 1.3, 0.1, 3.5]",1,3,circular,0.004814875249876841,0.010589361190795898,33.65,
2026-03-14_17-59-13,0.05,1200,60,False,False,"[2.1, 1.3, 0.1, 3.5]",2,3,circular,0.005418047285602313,0.008558273315429688,10.65,
2026-03-14_17-59-30,0.05,1200,60,False,False,"[2.1, 1.3, 0.1, 3.5]",3,3,circular,0.005609916918205492,0.011314630508422852,6.050000000000001,
2026-03-14_17-59-43,0.05,1200,60,False,False,"[2.1, 1.3, 0.1, 3.5]",4,3,circular,0.005934503343370225,0.015117883682250977,4.3500000000000005,
2026-03-14_17-59-55,0.05,1200,60,False,False,"[2.1, 1.3, 0.1, 3.5]",5,3,circular,0.005758991823509825,0.010912418365478516,3.5500000000000003,
2026-03-14_18-00-03,0.05,1200,60,False,False,"[2.1, 1.3, 0.1, 3.5]",10,3,circular,0.0056758638885286115,0.010616064071655273,2.4000000000000004,
2026-03-14_18-00-14,0.05,1200,60,False,False,"[2.1, 1.3, 0.1, 3.5]",15,3,circular,0.00596797801404593,0.011920690536499023,4.15,
2026-03-14_18-00-24,0.05,1200,60,False,False,"[2.1, 1.3, 0.1, 3.5]",20,3,circular,0.006574009789360894,0.01266622543334961,3.75,
2026-03-14_18-00-32,0.05,1200,60,False,False,"[2.1, 1.3, 0.1, 3.5]",25,3,circular,0.007271660698784722,0.014870643615722656,2.5500000000000003,
2026-03-14_18-02-06,0.05,1200,60,False,False,"[2.1, 1.3, 0.1, 3.5]",1,4,circular,0.004207423379865743,0.0077304840087890625,29.5,
2026-03-14_18-02-35,0.05,1200,60,False,False,"[2.1, 1.3, 0.1, 3.5]",2,4,circular,0.004417826377210163,0.00789785385131836,8.4,
2026-03-14_18-02-53,0.05,1200,60,False,False,"[2.1, 1.3, 0.1, 3.5]",3,4,circular,0.004540527379640969,0.012505054473876953,4.65,
2026-03-14_18-03-06,0.05,1200,60,False,False,"[2.1, 1.3, 0.1, 3.5]",4,4,circular,0.004586648249971694,0.008185386657714844,3.45,
2026-03-14_18-03-18,0.05,1200,60,False,False,"[2.1, 1.3, 0.1, 3.5]",5,4,circular,0.004831245233272684,0.008557558059692383,2.9000000000000004,
2026-03-14_18-03-35,0.05,1200,60,False,False,"[2.1, 1.3, 0.1, 3.5]",10,4,circular,0.005700741495404925,0.010578393936157227,4.55,
2026-03-14_18-03-52,0.05,1200,60,False,False,"[2.1, 1.3, 0.1, 3.5]",15,4,circular,0.006585898169551988,0.013384580612182617,4.15,
2026-03-14_18-04-08,0.05,1200,60,False,False,"[2.1, 1.3, 0.1, 3.5]",20,4,circular,0.007407730138754543,0.02313995361328125,3.95,
2026-03-14_18-04-25,0.05,1200,60,False,False,"[2.1, 1.3, 0.1, 3.5]",25,4,circular,0.008058735414555198,0.017246007919311523,3.8000000000000003,
2026-03-14_18-11-30,0.05,1200,60,False,False,"[1.1, 4.8, 0.1, 6.5]",1,3,mixed,0.006074182865983348,0.013763189315795898,44.25,
2026-03-14_18-12-00,0.05,1200,60,False,False,"[1.1, 4.8, 0.1, 6.5]",2,3,mixed,0.005894238993806659,0.010643243789672852,13.25,
2026-03-14_18-12-18,0.05,1200,60,False,False,"[1.1, 4.8, 0.1, 6.5]",3,3,mixed,0.006450889157313926,0.010218381881713867,6.800000000000001,
2026-03-14_18-12-32,0.05,1200,60,False,False,"[1.1, 4.8, 0.1, 6.5]",4,3,mixed,0.006843171221144656,0.010880470275878906,4.7,
2026-03-14_18-12-43,0.05,1200,60,False,False,"[1.1, 4.8, 0.1, 6.5]",5,3,mixed,0.006644815729375472,0.011741161346435547,3.8000000000000003,
2026-03-14_18-12-59,0.05,1200,60,False,False,"[1.1, 4.8, 0.1, 6.5]",10,3,mixed,0.008448099532322577,0.019426822662353516,5.7,
2026-03-14_18-13-14,0.05,1200,60,False,False,"[1.1, 4.8, 0.1, 6.5]",15,3,mixed,0.010170631809913611,0.02169632911682129,5.15,
2026-03-14_18-13-30,0.05,1200,60,False,False,"[1.1, 4.8, 0.1, 6.5]",20,3,mixed,0.011030519900678777,0.025353431701660156,4.9,
2026-03-14_18-13-45,0.05,1200,60,False,False,"[1.1, 4.8, 0.1, 6.5]",25,3,mixed,0.011576857972652354,0.025362014770507812,4.7,
2026-03-14_18-15-48,0.05,1200,60,False,False,"[1.1, 4.8, 0.1, 6.5]",1,4,mixed,0.005834180184385993,0.014309406280517578,35.2,
2026-03-14_18-16-26,0.05,1200,60,False,False,"[1.1, 4.8, 0.1, 6.5]",2,4,mixed,0.006394530681365314,0.015146255493164062,9.35,
2026-03-14_18-16-49,0.05,1200,60,False,False,"[1.1, 4.8, 0.1, 6.5]",3,4,mixed,0.007438814153476637,0.01604175567626953,4.9,
2026-03-14_18-17-20,0.05,1200,60,False,False,"[1.1, 4.8, 0.1, 6.5]",4,4,mixed,0.006955628908133205,0.01740121841430664,7.9,
2026-03-14_18-17-49,0.05,1200,60,False,False,"[1.1, 4.8, 0.1, 6.5]",5,4,mixed,0.007101421931694294,0.013524770736694336,7.25,
2026-03-14_18-18-14,0.05,1200,60,False,False,"[1.1, 4.8, 0.1, 6.5]",10,4,mixed,0.009071609553168802,0.01729440689086914,5.95,
2026-03-14_18-18-40,0.05,1200,60,False,False,"[1.1, 4.8, 0.1, 6.5]",15,4,mixed,0.01111231516073416,0.024832487106323242,5.550000000000001,
2026-03-14_18-19-06,0.05,1200,60,False,False,"[1.1, 4.8, 0.1, 6.5]",20,4,mixed,0.01245126267459905,0.02570509910583496,5.3500000000000005,
2026-03-14_18-19-35,0.05,1200,60,False,False,"[1.1, 4.8, 0.1, 6.5]",25,4,mixed,0.015115167981102353,0.033255577087402344,5.25,
2026-03-14_18-21-36,0.05,1200,60,False,False,"[1.1, 4.8, 0.1, 6.5]",1,3,circular,0.005272084713342599,0.01542043685913086,44.1,
2026-03-14_18-22-05,0.05,1200,60,False,False,"[1.1, 4.8, 0.1, 6.5]",2,3,circular,0.004626629787421076,0.015083789825439453,13.25,
2026-03-14_18-22-21,0.05,1200,60,False,False,"[1.1, 4.8, 0.1, 6.5]",3,3,circular,0.004849463116888907,0.009457111358642578,6.800000000000001,
2026-03-14_18-22-32,0.05,1200,60,False,False,"[1.1, 4.8, 0.1, 6.5]",4,3,circular,0.004859364624564529,0.00836944580078125,4.7,
2026-03-14_18-22-42,0.05,1200,60,False,False,"[1.1, 4.8, 0.1, 6.5]",5,3,circular,0.0052681335231714085,0.013036966323852539,3.8000000000000003,
2026-03-14_18-22-56,0.05,1200,60,False,False,"[1.1, 4.8, 0.1, 6.5]",10,3,circular,0.006193472628007855,0.011741876602172852,5.7,
2026-03-14_18-23-10,0.05,1200,60,False,False,"[1.1, 4.8, 0.1, 6.5]",15,3,circular,0.007245184919980737,0.01845097541809082,5.15,
2026-03-14_18-23-23,0.05,1200,60,False,False,"[1.1, 4.8, 0.1, 6.5]",20,3,circular,0.008032633333790059,0.01794719696044922,4.9,
2026-03-14_18-23-36,0.05,1200,60,False,False,"[1.1, 4.8, 0.1, 6.5]",25,3,circular,0.008982126594435239,0.020081043243408203,4.7,
2026-03-14_18-25-34,0.05,1200,60,False,False,"[1.1, 4.8, 0.1, 6.5]",1,4,circular,0.004541640352999044,0.011771917343139648,35.1,
2026-03-14_18-26-08,0.05,1200,60,False,False,"[1.1, 4.8, 0.1, 6.5]",2,4,circular,0.004801316057296998,0.010923624038696289,9.35,
2026-03-14_18-26-26,0.05,1200,60,False,False,"[1.1, 4.8, 0.1, 6.5]",3,4,circular,0.004749261603063467,0.009629964828491211,4.9,
2026-03-14_18-26-57,0.05,1200,60,False,False,"[1.1, 4.8, 0.1, 6.5]",4,4,circular,0.005560501844068116,0.012856483459472656,7.9,
2026-03-14_18-27-24,0.05,1200,60,False,False,"[1.1, 4.8, 0.1, 6.5]",5,4,circular,0.005792401576864308,0.014613151550292969,7.25,
2026-03-14_18-27-47,0.05,1200,60,False,False,"[1.1, 4.8, 0.1, 6.5]",10,4,circular,0.006826194895415747,0.01275324821472168,5.95,
2026-03-14_18-28-10,0.05,1200,60,False,False,"[1.1, 4.8, 0.1, 6.5]",15,4,circular,0.007885198872368614,0.019165515899658203,5.550000000000001,
2026-03-14_18-28-34,0.05,1200,60,False,False,"[1.1, 4.8, 0.1, 6.5]",20,4,circular,0.009849445285084092,0.03207087516784668,5.3500000000000005,
2026-03-14_18-28-57,0.05,1200,60,False,False,"[1.1, 4.8, 0.1, 6.5]",25,4,circular,0.00996760640825544,0.02041316032409668,5.25,
2026-03-14_18-32-58,0.05,1200,60,False,False,"[4.5, 6, 0, 3.5, 2.5, 5, 3.5, 6, 2, 4, 5.5, 1, 6, 3.5, 2, 5.5, 3.8, 5.7, 3.3, 0, 4.2, 0.5, 1.2, 3.2, 0, 5.7, 2.5, 6.2, 1.8, 4.3, 5.8, 1.2, 6.5, 3.4, 2.6, 5.6, 0.9, 0, 3.4, 0]",1,3,mixed,0.0060386298994853345,0.016197681427001953,47.300000000000004,
2026-03-14_18-33-28,0.05,1200,60,False,False,"[4.5, 6, 0, 3.5, 2.5, 5, 3.5, 6, 2, 4, 5.5, 1, 6, 3.5, 2, 5.5, 3.8, 5.7, 3.3, 0, 4.2, 0.5, 1.2, 3.2, 0, 5.7, 2.5, 6.2, 1.8, 4.3, 5.8, 1.2, 6.5, 3.4, 2.6, 5.6, 0.9, 0, 3.4, 0]",2,3,mixed,0.00573339547429766,0.009519338607788086,14.0,
2026-03-14_18-33-44,0.05,1200,60,False,False,"[4.5, 6, 0, 3.5, 2.5, 5, 3.5, 6, 2, 4, 5.5, 1, 6, 3.5, 2, 5.5, 3.8, 5.7, 3.3, 0, 4.2, 0.5, 1.2, 3.2, 0, 5.7, 2.5, 6.2, 1.8, 4.3, 5.8, 1.2, 6.5, 3.4, 2.6, 5.6, 0.9, 0, 3.4, 0]",3,3,mixed,0.005926931472051711,0.010019540786743164,7.0,
2026-03-14_18-33-56,0.05,1200,60,False,False,"[4.5, 6, 0, 3.5, 2.5, 5, 3.5, 6, 2, 4, 5.5, 1, 6, 3.5, 2, 5.5, 3.8, 5.7, 3.3, 0, 4.2, 0.5, 1.2, 3.2, 0, 5.7, 2.5, 6.2, 1.8, 4.3, 5.8, 1.2, 6.5, 3.4, 2.6, 5.6, 0.9, 0, 3.4, 0]",4,3,mixed,0.006345375054547576,0.011400699615478516,4.9,
2026-03-14_18-34-07,0.05,1200,60,False,False,"[4.5, 6, 0, 3.5, 2.5, 5, 3.5, 6, 2, 4, 5.5, 1, 6, 3.5, 2, 5.5, 3.8, 5.7, 3.3, 0, 4.2, 0.5, 1.2, 3.2, 0, 5.7, 2.5, 6.2, 1.8, 4.3, 5.8, 1.2, 6.5, 3.4, 2.6, 5.6, 0.9, 0, 3.4, 0]",5,3,mixed,0.006918800255608937,0.011482000350952148,4.2,
2026-03-14_18-34-23,0.05,1200,60,False,False,"[4.5, 6, 0, 3.5, 2.5, 5, 3.5, 6, 2, 4, 5.5, 1, 6, 3.5, 2, 5.5, 3.8, 5.7, 3.3, 0, 4.2, 0.5, 1.2, 3.2, 0, 5.7, 2.5, 6.2, 1.8, 4.3, 5.8, 1.2, 6.5, 3.4, 2.6, 5.6, 0.9, 0, 3.4, 0]",10,3,mixed,0.00839145851135254,0.015900850296020508,6.25,
2026-03-14_21-23-33,0.05,600,30,False,False,"[4.5, 6, 0, 3.5, 2.5, 5, 3.5, 6, 2, 4, 5.5, 1, 6, 3.5, 2, 5.5, 3.8, 5.7, 3.3, 0, 4.2, 0.5, 1.2, 3.2, 0, 5.7, 2.5, 6.2, 1.8, 4.3, 5.8, 1.2, 6.5, 3.4, 2.6, 5.6, 0.9, 0, 3.4, 0]",1,3,mixed,0.0052508720519050716,0.012691736221313477,26.25,20
2026-03-14_21-24-23,0.05,600,30,False,False,"[4.5, 6, 0, 3.5, 2.5, 5, 3.5, 6, 2, 4, 5.5, 1, 6, 3.5, 2, 5.5, 3.8, 5.7, 3.3, 0, 4.2, 0.5, 1.2, 3.2, 0, 5.7, 2.5, 6.2, 1.8, 4.3, 5.8, 1.2, 6.5, 3.4, 2.6, 5.6, 0.9, 0, 3.4, 0]",1,3,mixed,0.005045730197240436,0.008608579635620117,26.25,5
2026-03-14_21-25-13,0.05,600,30,False,False,"[4.5, 6, 0, 3.5, 2.5, 5, 3.5, 6, 2, 4, 5.5, 1, 6, 3.5, 2, 5.5, 3.8, 5.7, 3.3, 0, 4.2, 0.5, 1.2, 3.2, 0, 5.7, 2.5, 6.2, 1.8, 4.3, 5.8, 1.2, 6.5, 3.4, 2.6, 5.6, 0.9, 0, 3.4, 0]",1,3,mixed,0.005056301601349361,0.015814781188964844,26.25,3
2026-03-14_21-26-03,0.05,600,30,False,False,"[4.5, 6, 0, 3.5, 2.5, 5, 3.5, 6, 2, 4, 5.5, 1, 6, 3.5, 2, 5.5, 3.8, 5.7, 3.3, 0, 4.2, 0.5, 1.2, 3.2, 0, 5.7, 2.5, 6.2, 1.8, 4.3, 5.8, 1.2, 6.5, 3.4, 2.6, 5.6, 0.9, 0, 3.4, 0]",1,3,mixed,0.005051473587278336,0.0156857967376709,26.25,1
2026-03-14_21-26-31,0.05,600,30,False,False,"[4.5, 6, 0, 3.5, 2.5, 5, 3.5, 6, 2, 4, 5.5, 1, 6, 3.5, 2, 5.5, 3.8, 5.7, 3.3, 0, 4.2, 0.5, 1.2, 3.2, 0, 5.7, 2.5, 6.2, 1.8, 4.3, 5.8, 1.2, 6.5, 3.4, 2.6, 5.6, 0.9, 0, 3.4, 0]",2,3,mixed,0.00521863131296067,0.009932518005371094,14.0,20
2026-03-14_21-26-59,0.05,600,30,False,False,"[4.5, 6, 0, 3.5, 2.5, 5, 3.5, 6, 2, 4, 5.5, 1, 6, 3.5, 2, 5.5, 3.8, 5.7, 3.3, 0, 4.2, 0.5, 1.2, 3.2, 0, 5.7, 2.5, 6.2, 1.8, 4.3, 5.8, 1.2, 6.5, 3.4, 2.6, 5.6, 0.9, 0, 3.4, 0]",2,3,mixed,0.005297410488128662,0.014065980911254883,14.0,5
2026-03-14_21-27-28,0.05,600,30,False,False,"[4.5, 6, 0, 3.5, 2.5, 5, 3.5, 6, 2, 4, 5.5, 1, 6, 3.5, 2, 5.5, 3.8, 5.7, 3.3, 0, 4.2, 0.5, 1.2, 3.2, 0, 5.7, 2.5, 6.2, 1.8, 4.3, 5.8, 1.2, 6.5, 3.4, 2.6, 5.6, 0.9, 0, 3.4, 0]",2,3,mixed,0.005300065733137585,0.011493444442749023,14.0,3
2026-03-14_21-27-55,0.05,600,30,False,False,"[4.5, 6, 0, 3.5, 2.5, 5, 3.5, 6, 2, 4, 5.5, 1, 6, 3.5, 2, 5.5, 3.8, 5.7, 3.3, 0, 4.2, 0.5, 1.2, 3.2, 0, 5.7, 2.5, 6.2, 1.8, 4.3, 5.8, 1.2, 6.5, 3.4, 2.6, 5.6, 0.9, 0, 3.4, 0]",2,3,mixed,0.00528143360501244,0.016627788543701172,14.0,1
2026-03-14_21-28-11,0.05,600,30,False,False,"[4.5, 6, 0, 3.5, 2.5, 5, 3.5, 6, 2, 4, 5.5, 1, 6, 3.5, 2, 5.5, 3.8, 5.7, 3.3, 0, 4.2, 0.5, 1.2, 3.2, 0, 5.7, 2.5, 6.2, 1.8, 4.3, 5.8, 1.2, 6.5, 3.4, 2.6, 5.6, 0.9, 0, 3.4, 0]",3,3,mixed,0.0055721913065229145,0.014909505844116211,7.0,20
2026-03-14_21-28-27,0.05,600,30,False,False,"[4.5, 6, 0, 3.5, 2.5, 5, 3.5, 6, 2, 4, 5.5, 1, 6, 3.5, 2, 5.5, 3.8, 5.7, 3.3, 0, 4.2, 0.5, 1.2, 3.2, 0, 5.7, 2.5, 6.2, 1.8, 4.3, 5.8, 1.2, 6.5, 3.4, 2.6, 5.6, 0.9, 0, 3.4, 0]",3,3,mixed,0.005441915421258835,0.010066986083984375,7.0,5
2026-03-14_21-28-42,0.05,600,30,False,False,"[4.5, 6, 0, 3.5, 2.5, 5, 3.5, 6, 2, 4, 5.5, 1, 6, 3.5, 2, 5.5, 3.8, 5.7, 3.3, 0, 4.2, 0.5, 1.2, 3.2, 0, 5.7, 2.5, 6.2, 1.8, 4.3, 5.8, 1.2, 6.5, 3.4, 2.6, 5.6, 0.9, 0, 3.4, 0]",3,3,mixed,0.0054214460509163995,0.013648033142089844,7.0,3
2026-03-14_21-28-57,0.05,600,30,False,False,"[4.5, 6, 0, 3.5, 2.5, 5, 3.5, 6, 2, 4, 5.5, 1, 6, 3.5, 2, 5.5, 3.8, 5.7, 3.3, 0, 4.2, 0.5, 1.2, 3.2, 0, 5.7, 2.5, 6.2, 1.8, 4.3, 5.8, 1.2, 6.5, 3.4, 2.6, 5.6, 0.9, 0, 3.4, 0]",3,3,mixed,0.00546097131002517,0.010380744934082031,7.0,1
2026-03-14_21-29-09,0.05,600,30,False,False,"[4.5, 6, 0, 3.5, 2.5, 5, 3.5, 6, 2, 4, 5.5, 1, 6, 3.5, 2, 5.5, 3.8, 5.7, 3.3, 0, 4.2, 0.5, 1.2, 3.2, 0, 5.7, 2.5, 6.2, 1.8, 4.3, 5.8, 1.2, 6.5, 3.4, 2.6, 5.6, 0.9, 0, 3.4, 0]",4,3,mixed,0.005904146603175572,0.009973764419555664,4.9,20
2026-03-14_21-29-21,0.05,600,30,False,False,"[4.5, 6, 0, 3.5, 2.5, 5, 3.5, 6, 2, 4, 5.5, 1, 6, 3.5, 2, 5.5, 3.8, 5.7, 3.3, 0, 4.2, 0.5, 1.2, 3.2, 0, 5.7, 2.5, 6.2, 1.8, 4.3, 5.8, 1.2, 6.5, 3.4, 2.6, 5.6, 0.9, 0, 3.4, 0]",4,3,mixed,0.005849993147817599,0.009856462478637695,4.9,5
2026-03-14_21-29-33,0.05,600,30,False,False,"[4.5, 6, 0, 3.5, 2.5, 5, 3.5, 6, 2, 4, 5.5, 1, 6, 3.5, 2, 5.5, 3.8, 5.7, 3.3, 0, 4.2, 0.5, 1.2, 3.2, 0, 5.7, 2.5, 6.2, 1.8, 4.3, 5.8, 1.2, 6.5, 3.4, 2.6, 5.6, 0.9, 0, 3.4, 0]",4,3,mixed,0.005861734046417029,0.010685443878173828,4.9,3
2026-03-14_21-29-45,0.05,600,30,False,False,"[4.5, 6, 0, 3.5, 2.5, 5, 3.5, 6, 2, 4, 5.5, 1, 6, 3.5, 2, 5.5, 3.8, 5.7, 3.3, 0, 4.2, 0.5, 1.2, 3.2, 0, 5.7, 2.5, 6.2, 1.8, 4.3, 5.8, 1.2, 6.5, 3.4, 2.6, 5.6, 0.9, 0, 3.4, 0]",4,3,mixed,0.005792672131337276,0.011535882949829102,4.9,1
2026-03-14_21-29-55,0.05,600,30,False,False,"[4.5, 6, 0, 3.5, 2.5, 5, 3.5, 6, 2, 4, 5.5, 1, 6, 3.5, 2, 5.5, 3.8, 5.7, 3.3, 0, 4.2, 0.5, 1.2, 3.2, 0, 5.7, 2.5, 6.2, 1.8, 4.3, 5.8, 1.2, 6.5, 3.4, 2.6, 5.6, 0.9, 0, 3.4, 0]",5,3,mixed,0.006324205133650038,0.010886192321777344,4.2,20
2026-03-14_21-30-06,0.05,600,30,False,False,"[4.5, 6, 0, 3.5, 2.5, 5, 3.5, 6, 2, 4, 5.5, 1, 6, 3.5, 2, 5.5, 3.8, 5.7, 3.3, 0, 4.2, 0.5, 1.2, 3.2, 0, 5.7, 2.5, 6.2, 1.8, 4.3, 5.8, 1.2, 6.5, 3.4, 2.6, 5.6, 0.9, 0, 3.4, 0]",5,3,mixed,0.006324043349614219,0.01180124282836914,4.2,5
2026-03-14_21-30-17,0.05,600,30,False,False,"[4.5, 6, 0, 3.5, 2.5, 5, 3.5, 6, 2, 4, 5.5, 1, 6, 3.5, 2, 5.5, 3.8, 5.7, 3.3, 0, 4.2, 0.5, 1.2, 3.2, 0, 5.7, 2.5, 6.2, 1.8, 4.3, 5.8, 1.2, 6.5, 3.4, 2.6, 5.6, 0.9, 0, 3.4, 0]",5,3,mixed,0.00635555244627453,0.019524812698364258,4.2,3
2026-03-14_21-30-27,0.05,600,30,False,False,"[4.5, 6, 0, 3.5, 2.5, 5, 3.5, 6, 2, 4, 5.5, 1, 6, 3.5, 2, 5.5, 3.8, 5.7, 3.3, 0, 4.2, 0.5, 1.2, 3.2, 0, 5.7, 2.5, 6.2, 1.8, 4.3, 5.8, 1.2, 6.5, 3.4, 2.6, 5.6, 0.9, 0, 3.4, 0]",5,3,mixed,0.006320924985976447,0.011471033096313477,4.2,1
2026-03-14_21-30-43,0.05,600,30,False,False,"[4.5, 6, 0, 3.5, 2.5, 5, 3.5, 6, 2, 4, 5.5, 1, 6, 3.5, 2, 5.5, 3.8, 5.7, 3.3, 0, 4.2, 0.5, 1.2, 3.2, 0, 5.7, 2.5, 6.2, 1.8, 4.3, 5.8, 1.2, 6.5, 3.4, 2.6, 5.6, 0.9, 0, 3.4, 0]",10,3,mixed,0.00766580327351888,0.021384477615356445,6.25,20
2026-03-14_21-30-58,0.05,600,30,False,False,"[4.5, 6, 0, 3.5, 2.5, 5, 3.5, 6, 2, 4, 5.5, 1, 6, 3.5, 2, 5.5, 3.8, 5.7, 3.3, 0, 4.2, 0.5, 1.2, 3.2, 0, 5.7, 2.5, 6.2, 1.8, 4.3, 5.8, 1.2, 6.5, 3.4, 2.6, 5.6, 0.9, 0, 3.4, 0]",10,3,mixed,0.0075351581573486325,0.013748407363891602,6.25,5
2026-03-14_21-31-13,0.05,600,30,False,False,"[4.5, 6, 0, 3.5, 2.5, 5, 3.5, 6, 2, 4, 5.5, 1, 6, 3.5, 2, 5.5, 3.8, 5.7, 3.3, 0, 4.2, 0.5, 1.2, 3.2, 0, 5.7, 2.5, 6.2, 1.8, 4.3, 5.8, 1.2, 6.5, 3.4, 2.6, 5.6, 0.9, 0, 3.4, 0]",10,3,mixed,0.0075462074279785156,0.01430964469909668,6.25,3
2026-03-14_21-31-29,0.05,600,30,False,False,"[4.5, 6, 0, 3.5, 2.5, 5, 3.5, 6, 2, 4, 5.5, 1, 6, 3.5, 2, 5.5, 3.8, 5.7, 3.3, 0, 4.2, 0.5, 1.2, 3.2, 0, 5.7, 2.5, 6.2, 1.8, 4.3, 5.8, 1.2, 6.5, 3.4, 2.6, 5.6, 0.9, 0, 3.4, 0]",10,3,mixed,0.007597653706868489,0.014711618423461914,6.25,1
2026-03-14_21-31-43,0.05,600,30,False,False,"[4.5, 6, 0, 3.5, 2.5, 5, 3.5, 6, 2, 4, 5.5, 1, 6, 3.5, 2, 5.5, 3.8, 5.7, 3.3, 0, 4.2, 0.5, 1.2, 3.2, 0, 5.7, 2.5, 6.2, 1.8, 4.3, 5.8, 1.2, 6.5, 3.4, 2.6, 5.6, 0.9, 0, 3.4, 0]",15,3,mixed,0.008793738268423772,0.018261194229125977,5.75,20
2026-03-14_21-31-58,0.05,600,30,False,False,"[4.5, 6, 0, 3.5, 2.5, 5, 3.5, 6, 2, 4, 5.5, 1, 6, 3.5, 2, 5.5, 3.8, 5.7, 3.3, 0, 4.2, 0.5, 1.2, 3.2, 0, 5.7, 2.5, 6.2, 1.8, 4.3, 5.8, 1.2, 6.5, 3.4, 2.6, 5.6, 0.9, 0, 3.4, 0]",15,3,mixed,0.008731537279875383,0.01772594451904297,5.75,5
2026-03-14_21-32-13,0.05,600,30,False,False,"[4.5, 6, 0, 3.5, 2.5, 5, 3.5, 6, 2, 4, 5.5, 1, 6, 3.5, 2, 5.5, 3.8, 5.7, 3.3, 0, 4.2, 0.5, 1.2, 3.2, 0, 5.7, 2.5, 6.2, 1.8, 4.3, 5.8, 1.2, 6.5, 3.4, 2.6, 5.6, 0.9, 0, 3.4, 0]",15,3,mixed,0.00879982312520345,0.01797008514404297,5.75,3
2026-03-14_21-32-28,0.05,600,30,False,False,"[4.5, 6, 0, 3.5, 2.5, 5, 3.5, 6, 2, 4, 5.5, 1, 6, 3.5, 2, 5.5, 3.8, 5.7, 3.3, 0, 4.2, 0.5, 1.2, 3.2, 0, 5.7, 2.5, 6.2, 1.8, 4.3, 5.8, 1.2, 6.5, 3.4, 2.6, 5.6, 0.9, 0, 3.4, 0]",15,3,mixed,0.00880925344384235,0.018238544464111328,5.75,1
2026-03-14_21-32-43,0.05,600,30,False,False,"[4.5, 6, 0, 3.5, 2.5, 5, 3.5, 6, 2, 4, 5.5, 1, 6, 3.5, 2, 5.5, 3.8, 5.7, 3.3, 0, 4.2, 0.5, 1.2, 3.2, 0, 5.7, 2.5, 6.2, 1.8, 4.3, 5.8, 1.2, 6.5, 3.4, 2.6, 5.6, 0.9, 0, 3.4, 0]",20,3,mixed,0.009911636872725053,0.027426481246948242,5.5,20
2026-03-14_21-32-58,0.05,600,30,False,False,"[4.5, 6, 0, 3.5, 2.5, 5, 3.5, 6, 2, 4, 5.5, 1, 6, 3.5, 2, 5.5, 3.8, 5.7, 3.3, 0, 4.2, 0.5, 1.2, 3.2, 0, 5.7, 2.5, 6.2, 1.8, 4.3, 5.8, 1.2, 6.5, 3.4, 2.6, 5.6, 0.9, 0, 3.4, 0]",20,3,mixed,0.00981510335748846,0.0238800048828125,5.5,5
2026-03-14_21-33-12,0.05,600,30,False,False,"[4.5, 6, 0, 3.5, 2.5, 5, 3.5, 6, 2, 4, 5.5, 1, 6, 3.5, 2, 5.5, 3.8, 5.7, 3.3, 0, 4.2, 0.5, 1.2, 3.2, 0, 5.7, 2.5, 6.2, 1.8, 4.3, 5.8, 1.2, 6.5, 3.4, 2.6, 5.6, 0.9, 0, 3.4, 0]",20,3,mixed,0.009910219365900213,0.027025699615478516,5.5,3
2026-03-14_21-33-27,0.05,600,30,False,False,"[4.5, 6, 0, 3.5, 2.5, 5, 3.5, 6, 2, 4, 5.5, 1, 6, 3.5, 2, 5.5, 3.8, 5.7, 3.3, 0, 4.2, 0.5, 1.2, 3.2, 0, 5.7, 2.5, 6.2, 1.8, 4.3, 5.8, 1.2, 6.5, 3.4, 2.6, 5.6, 0.9, 0, 3.4, 0]",20,3,mixed,0.009902305314035126,0.023824691772460938,5.5,1
2026-03-14_21-33-42,0.05,600,30,False,False,"[4.5, 6, 0, 3.5, 2.5, 5, 3.5, 6, 2, 4, 5.5, 1, 6, 3.5, 2, 5.5, 3.8, 5.7, 3.3, 0, 4.2, 0.5, 1.2, 3.2, 0, 5.7, 2.5, 6.2, 1.8, 4.3, 5.8, 1.2, 6.5, 3.4, 2.6, 5.6, 0.9, 0, 3.4, 0]",25,3,mixed,0.010936494185545735,0.023790836334228516,5.3500000000000005,20
2026-03-14_21-33-57,0.05,600,30,False,False,"[4.5, 6, 0, 3.5, 2.5, 5, 3.5, 6, 2, 4, 5.5, 1, 6, 3.5, 2, 5.5, 3.8, 5.7, 3.3, 0, 4.2, 0.5, 1.2, 3.2, 0, 5.7, 2.5, 6.2, 1.8, 4.3, 5.8, 1.2, 6.5, 3.4, 2.6, 5.6, 0.9, 0, 3.4, 0]",25,3,mixed,0.011010489359822972,0.02796483039855957,5.3500000000000005,5
2026-03-14_21-34-13,0.05,600,30,False,False,"[4.5, 6, 0, 3.5, 2.5, 5, 3.5, 6, 2, 4, 5.5, 1, 6, 3.5, 2, 5.5, 3.8, 5.7, 3.3, 0, 4.2, 0.5, 1.2, 3.2, 0, 5.7, 2.5, 6.2, 1.8, 4.3, 5.8, 1.2, 6.5, 3.4, 2.6, 5.6, 0.9, 0, 3.4, 0]",25,3,mixed,0.010937585266208352,0.027243852615356445,5.3500000000000005,3
2026-03-14_21-34-28,0.05,600,30,False,False,"[4.5, 6, 0, 3.5, 2.5, 5, 3.5, 6, 2, 4, 5.5, 1, 6, 3.5, 2, 5.5, 3.8, 5.7, 3.3, 0, 4.2, 0.5, 1.2, 3.2, 0, 5.7, 2.5, 6.2, 1.8, 4.3, 5.8, 1.2, 6.5, 3.4, 2.6, 5.6, 0.9, 0, 3.4, 0]",25,3,mixed,0.010994596273356881,0.023888826370239258,5.3500000000000005,1
2026-03-14_21-35-49,0.05,600,30,False,False,"[4.5, 6, 0, 3.5, 2.5, 5, 3.5, 6, 2, 4, 5.5, 1, 6, 3.5, 2, 5.5, 3.8, 5.7, 3.3, 0, 4.2, 0.5, 1.2, 3.2, 0, 5.7, 2.5, 6.2, 1.8, 4.3, 5.8, 1.2, 6.5, 3.4, 2.6, 5.6, 0.9, 0, 3.4, 0]",1,4,mixed,0.005156620125689443,0.01589798927307129,26.450000000000003,20
2026-03-14_21-37-11,0.05,600,30,False,False,"[4.5, 6, 0, 3.5, 2.5, 5, 3.5, 6, 2, 4, 5.5, 1, 6, 3.5, 2, 5.5, 3.8, 5.7, 3.3, 0, 4.2, 0.5, 1.2, 3.2, 0, 5.7, 2.5, 6.2, 1.8, 4.3, 5.8, 1.2, 6.5, 3.4, 2.6, 5.6, 0.9, 0, 3.4, 0]",1,4,mixed,0.005160596735761387,0.011800765991210938,26.450000000000003,5
2026-03-14_21-38-34,0.05,600,30,False,False,"[4.5, 6, 0, 3.5, 2.5, 5, 3.5, 6, 2, 4, 5.5, 1, 6, 3.5, 2, 5.5, 3.8, 5.7, 3.3, 0, 4.2, 0.5, 1.2, 3.2, 0, 5.7, 2.5, 6.2, 1.8, 4.3, 5.8, 1.2, 6.5, 3.4, 2.6, 5.6, 0.9, 0, 3.4, 0]",1,4,mixed,0.005202337902299848,0.02082538604736328,26.450000000000003,3
2026-03-14_21-39-56,0.05,600,30,False,False,"[4.5, 6, 0, 3.5, 2.5, 5, 3.5, 6, 2, 4, 5.5, 1, 6, 3.5, 2, 5.5, 3.8, 5.7, 3.3, 0, 4.2, 0.5, 1.2, 3.2, 0, 5.7, 2.5, 6.2, 1.8, 4.3, 5.8, 1.2, 6.5, 3.4, 2.6, 5.6, 0.9, 0, 3.4, 0]",1,4,mixed,0.005191766246730754,0.01086115837097168,26.450000000000003,1
2026-03-14_21-40-27,0.05,600,30,False,False,"[4.5, 6, 0, 3.5, 2.5, 5, 3.5, 6, 2, 4, 5.5, 1, 6, 3.5, 2, 5.5, 3.8, 5.7, 3.3, 0, 4.2, 0.5, 1.2, 3.2, 0, 5.7, 2.5, 6.2, 1.8, 4.3, 5.8, 1.2, 6.5, 3.4, 2.6, 5.6, 0.9, 0, 3.4, 0]",2,4,mixed,0.005402314018558812,0.010590791702270508,9.25,20
2026-03-14_21-40-58,0.05,600,30,False,False,"[4.5, 6, 0, 3.5, 2.5, 5, 3.5, 6, 2, 4, 5.5, 1, 6, 3.5, 2, 5.5, 3.8, 5.7, 3.3, 0, 4.2, 0.5, 1.2, 3.2, 0, 5.7, 2.5, 6.2, 1.8, 4.3, 5.8, 1.2, 6.5, 3.4, 2.6, 5.6, 0.9, 0, 3.4, 0]",2,4,mixed,0.005426048910295641,0.009576082229614258,9.25,5
2026-03-14_21-41-29,0.05,600,30,False,False,"[4.5, 6, 0, 3.5, 2.5, 5, 3.5, 6, 2, 4, 5.5, 1, 6, 3.5, 2, 5.5, 3.8, 5.7, 3.3, 0, 4.2, 0.5, 1.2, 3.2, 0, 5.7, 2.5, 6.2, 1.8, 4.3, 5.8, 1.2, 6.5, 3.4, 2.6, 5.6, 0.9, 0, 3.4, 0]",2,4,mixed,0.005425732844584697,0.009577512741088867,9.25,3
2026-03-14_21-42-00,0.05,600,30,False,False,"[4.5, 6, 0, 3.5, 2.5, 5, 3.5, 6, 2, 4, 5.5, 1, 6, 3.5, 2, 5.5, 3.8, 5.7, 3.3, 0, 4.2, 0.5, 1.2, 3.2, 0, 5.7, 2.5, 6.2, 1.8, 4.3, 5.8, 1.2, 6.5, 3.4, 2.6, 5.6, 0.9, 0, 3.4, 0]",2,4,mixed,0.005457322017566578,0.008933305740356445,9.25,1
2026-03-14_21-42-18,0.05,600,30,False,False,"[4.5, 6, 0, 3.5, 2.5, 5, 3.5, 6, 2, 4, 5.5, 1, 6, 3.5, 2, 5.5, 3.8, 5.7, 3.3, 0, 4.2, 0.5, 1.2, 3.2, 0, 5.7, 2.5, 6.2, 1.8, 4.3, 5.8, 1.2, 6.5, 3.4, 2.6, 5.6, 0.9, 0, 3.4, 0]",3,4,mixed,0.005788564079939717,0.010685443878173828,4.95,20
2026-03-14_21-42-36,0.05,600,30,False,False,"[4.5, 6, 0, 3.5, 2.5, 5, 3.5, 6, 2, 4, 5.5, 1, 6, 3.5, 2, 5.5, 3.8, 5.7, 3.3, 0, 4.2, 0.5, 1.2, 3.2, 0, 5.7, 2.5, 6.2, 1.8, 4.3, 5.8, 1.2, 6.5, 3.4, 2.6, 5.6, 0.9, 0, 3.4, 0]",3,4,mixed,0.005765277327913226,0.010599613189697266,4.95,5
2026-03-14_21-42-54,0.05,600,30,False,False,"[4.5, 6, 0, 3.5, 2.5, 5, 3.5, 6, 2, 4, 5.5, 1, 6, 3.5, 2, 5.5, 3.8, 5.7, 3.3, 0, 4.2, 0.5, 1.2, 3.2, 0, 5.7, 2.5, 6.2, 1.8, 4.3, 5.8, 1.2, 6.5, 3.4, 2.6, 5.6, 0.9, 0, 3.4, 0]",3,4,mixed,0.005716336495948561,0.009668350219726562,4.95,3
2026-03-14_21-43-12,0.05,600,30,False,False,"[4.5, 6, 0, 3.5, 2.5, 5, 3.5, 6, 2, 4, 5.5, 1, 6, 3.5, 2, 5.5, 3.8, 5.7, 3.3, 0, 4.2, 0.5, 1.2, 3.2, 0, 5.7, 2.5, 6.2, 1.8, 4.3, 5.8, 1.2, 6.5, 3.4, 2.6, 5.6, 0.9, 0, 3.4, 0]",3,4,mixed,0.00573162960283684,0.009760618209838867,4.95,1
2026-03-14_21-43-38,0.05,600,30,False,False,"[4.5, 6, 0, 3.5, 2.5, 5, 3.5, 6, 2, 4, 5.5, 1, 6, 3.5, 2, 5.5, 3.8, 5.7, 3.3, 0, 4.2, 0.5, 1.2, 3.2, 0, 5.7, 2.5, 6.2, 1.8, 4.3, 5.8, 1.2, 6.5, 3.4, 2.6, 5.6, 0.9, 0, 3.4, 0]",4,4,mixed,0.006007503622617477,0.017145156860351562,7.800000000000001,20
2026-03-14_21-44-06,0.05,600,30,False,False,"[4.5, 6, 0, 3.5, 2.5, 5, 3.5, 6, 2, 4, 5.5, 1, 6, 3.5, 2, 5.5, 3.8, 5.7, 3.3, 0, 4.2, 0.5, 1.2, 3.2, 0, 5.7, 2.5, 6.2, 1.8, 4.3, 5.8, 1.2, 6.5, 3.4, 2.6, 5.6, 0.9, 0, 3.4, 0]",4,4,mixed,0.006003615565789051,0.01185154914855957,7.800000000000001,5
2026-03-14_21-44-33,0.05,600,30,False,False,"[4.5, 6, 0, 3.5, 2.5, 5, 3.5, 6, 2, 4, 5.5, 1, 6, 3.5, 2, 5.5, 3.8, 5.7, 3.3, 0, 4.2, 0.5, 1.2, 3.2, 0, 5.7, 2.5, 6.2, 1.8, 4.3, 5.8, 1.2, 6.5, 3.4, 2.6, 5.6, 0.9, 0, 3.4, 0]",4,4,mixed,0.006001754066882989,0.017405986785888672,7.800000000000001,3
2026-03-14_21-45-00,0.05,600,30,False,False,"[4.5, 6, 0, 3.5, 2.5, 5, 3.5, 6, 2, 4, 5.5, 1, 6, 3.5, 2, 5.5, 3.8, 5.7, 3.3, 0, 4.2, 0.5, 1.2, 3.2, 0, 5.7, 2.5, 6.2, 1.8, 4.3, 5.8, 1.2, 6.5, 3.4, 2.6, 5.6, 0.9, 0, 3.4, 0]",4,4,mixed,0.005939475618875944,0.010268211364746094,7.800000000000001,1
2026-03-14_21-45-25,0.05,600,30,False,False,"[4.5, 6, 0, 3.5, 2.5, 5, 3.5, 6, 2, 4, 5.5, 1, 6, 3.5, 2, 5.5, 3.8, 5.7, 3.3, 0, 4.2, 0.5, 1.2, 3.2, 0, 5.7, 2.5, 6.2, 1.8, 4.3, 5.8, 1.2, 6.5, 3.4, 2.6, 5.6, 0.9, 0, 3.4, 0]",5,4,mixed,0.006310678283933183,0.013070821762084961,7.1000000000000005,20
2026-03-14_21-45-50,0.05,600,30,False,False,"[4.5, 6, 0, 3.5, 2.5, 5, 3.5, 6, 2, 4, 5.5, 1, 6, 3.5, 2, 5.5, 3.8, 5.7, 3.3, 0, 4.2, 0.5, 1.2, 3.2, 0, 5.7, 2.5, 6.2, 1.8, 4.3, 5.8, 1.2, 6.5, 3.4, 2.6, 5.6, 0.9, 0, 3.4, 0]",5,4,mixed,0.006319282760082836,0.01302194595336914,7.1000000000000005,5
2026-03-14_21-46-15,0.05,600,30,False,False,"[4.5, 6, 0, 3.5, 2.5, 5, 3.5, 6, 2, 4, 5.5, 1, 6, 3.5, 2, 5.5, 3.8, 5.7, 3.3, 0, 4.2, 0.5, 1.2, 3.2, 0, 5.7, 2.5, 6.2, 1.8, 4.3, 5.8, 1.2, 6.5, 3.4, 2.6, 5.6, 0.9, 0, 3.4, 0]",5,4,mixed,0.006379636660428114,0.011929035186767578,7.1000000000000005,3
2026-03-14_21-46-40,0.05,600,30,False,False,"[4.5, 6, 0, 3.5, 2.5, 5, 3.5, 6, 2, 4, 5.5, 1, 6, 3.5, 2, 5.5, 3.8, 5.7, 3.3, 0, 4.2, 0.5, 1.2, 3.2, 0, 5.7, 2.5, 6.2, 1.8, 4.3, 5.8, 1.2, 6.5, 3.4, 2.6, 5.6, 0.9, 0, 3.4, 0]",5,4,mixed,0.00640944779758722,0.016358375549316406,7.1000000000000005,1
2026-03-14_21-47-02,0.05,600,30,False,False,"[4.5, 6, 0, 3.5, 2.5, 5, 3.5, 6, 2, 4, 5.5, 1, 6, 3.5, 2, 5.5, 3.8, 5.7, 3.3, 0, 4.2, 0.5, 1.2, 3.2, 0, 5.7, 2.5, 6.2, 1.8, 4.3, 5.8, 1.2, 6.5, 3.4, 2.6, 5.6, 0.9, 0, 3.4, 0]",10,4,mixed,0.007949639921602995,0.02564263343811035,5.75,20
2026-03-14_21-47-24,0.05,600,30,False,False,"[4.5, 6, 0, 3.5, 2.5, 5, 3.5, 6, 2, 4, 5.5, 1, 6, 3.5, 2, 5.5, 3.8, 5.7, 3.3, 0, 4.2, 0.5, 1.2, 3.2, 0, 5.7, 2.5, 6.2, 1.8, 4.3, 5.8, 1.2, 6.5, 3.4, 2.6, 5.6, 0.9, 0, 3.4, 0]",10,4,mixed,0.007949085339255955,0.0210721492767334,5.75,5
2026-03-14_21-47-46,0.05,600,30,False,False,"[4.5, 6, 0, 3.5, 2.5, 5, 3.5, 6, 2, 4, 5.5, 1, 6, 3.5, 2, 5.5, 3.8, 5.7, 3.3, 0, 4.2, 0.5, 1.2, 3.2, 0, 5.7, 2.5, 6.2, 1.8, 4.3, 5.8, 1.2, 6.5, 3.4, 2.6, 5.6, 0.9, 0, 3.4, 0]",10,4,mixed,0.007899968520454739,0.016304969787597656,5.75,3
2026-03-14_21-48-09,0.05,600,30,False,False,"[4.5, 6, 0, 3.5, 2.5, 5, 3.5, 6, 2, 4, 5.5, 1, 6, 3.5, 2, 5.5, 3.8, 5.7, 3.3, 0, 4.2, 0.5, 1.2, 3.2, 0, 5.7, 2.5, 6.2, 1.8, 4.3, 5.8, 1.2, 6.5, 3.4, 2.6, 5.6, 0.9, 0, 3.4, 0]",10,4,mixed,0.007951963984447977,0.015775680541992188,5.75,1
2026-03-14_21-48-31,0.05,600,30,False,False,"[4.5, 6, 0, 3.5, 2.5, 5, 3.5, 6, 2, 4, 5.5, 1, 6, 3.5, 2, 5.5, 3.8, 5.7, 3.3, 0, 4.2, 0.5, 1.2, 3.2, 0, 5.7, 2.5, 6.2, 1.8, 4.3, 5.8, 1.2, 6.5, 3.4, 2.6, 5.6, 0.9, 0, 3.4, 0]",15,4,mixed,0.009084043679413971,0.020761489868164062,5.4,20
2026-03-14_21-48-53,0.05,600,30,False,False,"[4.5, 6, 0, 3.5, 2.5, 5, 3.5, 6, 2, 4, 5.5, 1, 6, 3.5, 2, 5.5, 3.8, 5.7, 3.3, 0, 4.2, 0.5, 1.2, 3.2, 0, 5.7, 2.5, 6.2, 1.8, 4.3, 5.8, 1.2, 6.5, 3.4, 2.6, 5.6, 0.9, 0, 3.4, 0]",15,4,mixed,0.00913313748659911,0.019825458526611328,5.4,5
2026-03-14_21-49-15,0.05,600,30,False,False,"[4.5, 6, 0, 3.5, 2.5, 5, 3.5, 6, 2, 4, 5.5, 1, 6, 3.5, 2, 5.5, 3.8, 5.7, 3.3, 0, 4.2, 0.5, 1.2, 3.2, 0, 5.7, 2.5, 6.2, 1.8, 4.3, 5.8, 1.2, 6.5, 3.4, 2.6, 5.6, 0.9, 0, 3.4, 0]",15,4,mixed,0.00918099339361544,0.02260613441467285,5.4,3
2026-03-14_21-49-37,0.05,600,30,False,False,"[4.5, 6, 0, 3.5, 2.5, 5, 3.5, 6, 2, 4, 5.5, 1, 6, 3.5, 2, 5.5, 3.8, 5.7, 3.3, 0, 4.2, 0.5, 1.2, 3.2, 0, 5.7, 2.5, 6.2, 1.8, 4.3, 5.8, 1.2, 6.5, 3.4, 2.6, 5.6, 0.9, 0, 3.4, 0]",15,4,mixed,0.00908609672828957,0.02685546875,5.4,1
2026-03-14_21-49-59,0.05,600,30,False,False,"[4.5, 6, 0, 3.5, 2.5, 5, 3.5, 6, 2, 4, 5.5, 1, 6, 3.5, 2, 5.5, 3.8, 5.7, 3.3, 0, 4.2, 0.5, 1.2, 3.2, 0, 5.7, 2.5, 6.2, 1.8, 4.3, 5.8, 1.2, 6.5, 3.4, 2.6, 5.6, 0.9, 0, 3.4, 0]",20,4,mixed,0.010199394936744984,0.02272772789001465,5.2,20
2026-03-14_21-50-21,0.05,600,30,False,False,"[4.5, 6, 0, 3.5, 2.5, 5, 3.5, 6, 2, 4, 5.5, 1, 6, 3.5, 2, 5.5, 3.8, 5.7, 3.3, 0, 4.2, 0.5, 1.2, 3.2, 0, 5.7, 2.5, 6.2, 1.8, 4.3, 5.8, 1.2, 6.5, 3.4, 2.6, 5.6, 0.9, 0, 3.4, 0]",20,4,mixed,0.010232573518386254,0.024864912033081055,5.2,5
2026-03-14_21-50-43,0.05,600,30,False,False,"[4.5, 6, 0, 3.5, 2.5, 5, 3.5, 6, 2, 4, 5.5, 1, 6, 3.5, 2, 5.5, 3.8, 5.7, 3.3, 0, 4.2, 0.5, 1.2, 3.2, 0, 5.7, 2.5, 6.2, 1.8, 4.3, 5.8, 1.2, 6.5, 3.4, 2.6, 5.6, 0.9, 0, 3.4, 0]",20,4,mixed,0.010340215494999519,0.02371072769165039,5.2,3
2026-03-14_21-51-05,0.05,600,30,False,False,"[4.5, 6, 0, 3.5, 2.5, 5, 3.5, 6, 2, 4, 5.5, 1, 6, 3.5, 2, 5.5, 3.8, 5.7, 3.3, 0, 4.2, 0.5, 1.2, 3.2, 0, 5.7, 2.5, 6.2, 1.8, 4.3, 5.8, 1.2, 6.5, 3.4, 2.6, 5.6, 0.9, 0, 3.4, 0]",20,4,mixed,0.01032356803233807,0.022615671157836914,5.2,1
2026-03-14_21-51-27,0.05,600,30,False,False,"[4.5, 6, 0, 3.5, 2.5, 5, 3.5, 6, 2, 4, 5.5, 1, 6, 3.5, 2, 5.5, 3.8, 5.7, 3.3, 0, 4.2, 0.5, 1.2, 3.2, 0, 5.7, 2.5, 6.2, 1.8, 4.3, 5.8, 1.2, 6.5, 3.4, 2.6, 5.6, 0.9, 0, 3.4, 0]",25,4,mixed,0.011527170049081934,0.025333166122436523,5.050000000000001,20
2026-03-14_21-51-50,0.05,600,30,False,False,"[4.5, 6, 0, 3.5, 2.5, 5, 3.5, 6, 2, 4, 5.5, 1, 6, 3.5, 2, 5.5, 3.8, 5.7, 3.3, 0, 4.2, 0.5, 1.2, 3.2, 0, 5.7, 2.5, 6.2, 1.8, 4.3, 5.8, 1.2, 6.5, 3.4, 2.6, 5.6, 0.9, 0, 3.4, 0]",25,4,mixed,0.011394658891281278,0.024039506912231445,5.050000000000001,5
2026-03-14_21-52-12,0.05,600,30,False,False,"[4.5, 6, 0, 3.5, 2.5, 5, 3.5, 6, 2, 4, 5.5, 1, 6, 3.5, 2, 5.5, 3.8, 5.7, 3.3, 0, 4.2, 0.5, 1.2, 3.2, 0, 5.7, 2.5, 6.2, 1.8, 4.3, 5.8, 1.2, 6.5, 3.4, 2.6, 5.6, 0.9, 0, 3.4, 0]",25,4,mixed,0.011426608751315882,0.025240421295166016,5.050000000000001,3
2026-03-14_21-52-36,0.05,600,30,False,False,"[4.5, 6, 0, 3.5, 2.5, 5, 3.5, 6, 2, 4, 5.5, 1, 6, 3.5, 2, 5.5, 3.8, 5.7, 3.3, 0, 4.2, 0.5, 1.2, 3.2, 0, 5.7, 2.5, 6.2, 1.8, 4.3, 5.8, 1.2, 6.5, 3.4, 2.6, 5.6, 0.9, 0, 3.4, 0]",25,4,mixed,0.011661627505085256,0.03828835487365723,5.050000000000001,1
2026-03-14_21-54-17,0.05,600,30,False,False,"[4.5, 6, 0, 3.5, 2.5, 5, 3.5, 6, 2, 4, 5.5, 1, 6, 3.5, 2, 5.5, 3.8, 5.7, 3.3, 0, 4.2, 0.5, 1.2, 3.2, 0, 5.7, 2.5, 6.2, 1.8, 4.3, 5.8, 1.2, 6.5, 3.4, 2.6, 5.6, 0.9, 0, 3.4, 0]",1,3,circular,0.003938560183086092,0.012176513671875,26.25,20
2026-03-14_21-55-03,0.05,600,30,False,False,"[4.5, 6, 0, 3.5, 2.5, 5, 3.5, 6, 2, 4, 5.5, 1, 6, 3.5, 2, 5.5, 3.8, 5.7, 3.3, 0, 4.2, 0.5, 1.2, 3.2, 0, 5.7, 2.5, 6.2, 1.8, 4.3, 5.8, 1.2, 6.5, 3.4, 2.6, 5.6, 0.9, 0, 3.4, 0]",1,3,circular,0.003895537664019872,0.011236906051635742,26.25,5
2026-03-14_21-55-49,0.05,600,30,False,False,"[4.5, 6, 0, 3.5, 2.5, 5, 3.5, 6, 2, 4, 5.5, 1, 6, 3.5, 2, 5.5, 3.8, 5.7, 3.3, 0, 4.2, 0.5, 1.2, 3.2, 0, 5.7, 2.5, 6.2, 1.8, 4.3, 5.8, 1.2, 6.5, 3.4, 2.6, 5.6, 0.9, 0, 3.4, 0]",1,3,circular,0.003848919187273298,0.01154184341430664,26.25,3
2026-03-14_21-56-34,0.05,600,30,False,False,"[4.5, 6, 0, 3.5, 2.5, 5, 3.5, 6, 2, 4, 5.5, 1, 6, 3.5, 2, 5.5, 3.8, 5.7, 3.3, 0, 4.2, 0.5, 1.2, 3.2, 0, 5.7, 2.5, 6.2, 1.8, 4.3, 5.8, 1.2, 6.5, 3.4, 2.6, 5.6, 0.9, 0, 3.4, 0]",1,3,circular,0.0037052345275878904,0.009676218032836914,26.25,1
2026-03-14_21-56-59,0.05,600,30,False,False,"[4.5, 6, 0, 3.5, 2.5, 5, 3.5, 6, 2, 4, 5.5, 1, 6, 3.5, 2, 5.5, 3.8, 5.7, 3.3, 0, 4.2, 0.5, 1.2, 3.2, 0, 5.7, 2.5, 6.2, 1.8, 4.3, 5.8, 1.2, 6.5, 3.4, 2.6, 5.6, 0.9, 0, 3.4, 0]",2,3,circular,0.0038901008310772123,0.008430957794189453,14.0,20
2026-03-14_21-57-25,0.05,600,30,False,False,"[4.5, 6, 0, 3.5, 2.5, 5, 3.5, 6, 2, 4, 5.5, 1, 6, 3.5, 2, 5.5, 3.8, 5.7, 3.3, 0, 4.2, 0.5, 1.2, 3.2, 0, 5.7, 2.5, 6.2, 1.8, 4.3, 5.8, 1.2, 6.5, 3.4, 2.6, 5.6, 0.9, 0, 3.4, 0]",2,3,circular,0.003915183317093622,0.012023448944091797,14.0,5
2026-03-14_21-57-50,0.05,600,30,False,False,"[4.5, 6, 0, 3.5, 2.5, 5, 3.5, 6, 2, 4, 5.5, 1, 6, 3.5, 2, 5.5, 3.8, 5.7, 3.3, 0, 4.2, 0.5, 1.2, 3.2, 0, 5.7, 2.5, 6.2, 1.8, 4.3, 5.8, 1.2, 6.5, 3.4, 2.6, 5.6, 0.9, 0, 3.4, 0]",2,3,circular,0.0038275792485191707,0.007830142974853516,14.0,3
2026-03-14_21-58-16,0.05,600,30,False,False,"[4.5, 6, 0, 3.5, 2.5, 5, 3.5, 6, 2, 4, 5.5, 1, 6, 3.5, 2, 5.5, 3.8, 5.7, 3.3, 0, 4.2, 0.5, 1.2, 3.2, 0, 5.7, 2.5, 6.2, 1.8, 4.3, 5.8, 1.2, 6.5, 3.4, 2.6, 5.6, 0.9, 0, 3.4, 0]",2,3,circular,0.0038493485677809944,0.0071299076080322266,14.0,1
2026-03-14_21-58-30,0.05,600,30,False,False,"[4.5, 6, 0, 3.5, 2.5, 5, 3.5, 6, 2, 4, 5.5, 1, 6, 3.5, 2, 5.5, 3.8, 5.7, 3.3, 0, 4.2, 0.5, 1.2, 3.2, 0, 5.7, 2.5, 6.2, 1.8, 4.3, 5.8, 1.2, 6.5, 3.4, 2.6, 5.6, 0.9, 0, 3.4, 0]",3,3,circular,0.003962956156049456,0.008048295974731445,7.0,20
2026-03-14_21-58-44,0.05,600,30,False,False,"[4.5, 6, 0, 3.5, 2.5, 5, 3.5, 6, 2, 4, 5.5, 1, 6, 3.5, 2, 5.5, 3.8, 5.7, 3.3, 0, 4.2, 0.5, 1.2, 3.2, 0, 5.7, 2.5, 6.2, 1.8, 4.3, 5.8, 1.2, 6.5, 3.4, 2.6, 5.6, 0.9, 0, 3.4, 0]",3,3,circular,0.003975212574005127,0.008280515670776367,7.0,5
2026-03-14_21-58-58,0.05,600,30,False,False,"[4.5, 6, 0, 3.5, 2.5, 5, 3.5, 6, 2, 4, 5.5, 1, 6, 3.5, 2, 5.5, 3.8, 5.7, 3.3, 0, 4.2, 0.5, 1.2, 3.2, 0, 5.7, 2.5, 6.2, 1.8, 4.3, 5.8, 1.2, 6.5, 3.4, 2.6, 5.6, 0.9, 0, 3.4, 0]",3,3,circular,0.003965167772202264,0.008235454559326172,7.0,3
2026-03-14_21-59-12,0.05,600,30,False,False,"[4.5, 6, 0, 3.5, 2.5, 5, 3.5, 6, 2, 4, 5.5, 1, 6, 3.5, 2, 5.5, 3.8, 5.7, 3.3, 0, 4.2, 0.5, 1.2, 3.2, 0, 5.7, 2.5, 6.2, 1.8, 4.3, 5.8, 1.2, 6.5, 3.4, 2.6, 5.6, 0.9, 0, 3.4, 0]",3,3,circular,0.004003048510778518,0.011807918548583984,7.0,1
2026-03-14_21-59-23,0.05,600,30,False,False,"[4.5, 6, 0, 3.5, 2.5, 5, 3.5, 6, 2, 4, 5.5, 1, 6, 3.5, 2, 5.5, 3.8, 5.7, 3.3, 0, 4.2, 0.5, 1.2, 3.2, 0, 5.7, 2.5, 6.2, 1.8, 4.3, 5.8, 1.2, 6.5, 3.4, 2.6, 5.6, 0.9, 0, 3.4, 0]",4,3,circular,0.004294370307403357,0.009534835815429688,4.9,20
2026-03-14_21-59-33,0.05,600,30,False,False,"[4.5, 6, 0, 3.5, 2.5, 5, 3.5, 6, 2, 4, 5.5, 1, 6, 3.5, 2, 5.5, 3.8, 5.7, 3.3, 0, 4.2, 0.5, 1.2, 3.2, 0, 5.7, 2.5, 6.2, 1.8, 4.3, 5.8, 1.2, 6.5, 3.4, 2.6, 5.6, 0.9, 0, 3.4, 0]",4,3,circular,0.004244701391985627,0.009044647216796875,4.9,5
2026-03-14_21-59-44,0.05,600,30,False,False,"[4.5, 6, 0, 3.5, 2.5, 5, 3.5, 6, 2, 4, 5.5, 1, 6, 3.5, 2, 5.5, 3.8, 5.7, 3.3, 0, 4.2, 0.5, 1.2, 3.2, 0, 5.7, 2.5, 6.2, 1.8, 4.3, 5.8, 1.2, 6.5, 3.4, 2.6, 5.6, 0.9, 0, 3.4, 0]",4,3,circular,0.004205427202237707,0.009079456329345703,4.9,3
2026-03-14_21-59-56,0.05,600,30,False,False,"[4.5, 6, 0, 3.5, 2.5, 5, 3.5, 6, 2, 4, 5.5, 1, 6, 3.5, 2, 5.5, 3.8, 5.7, 3.3, 0, 4.2, 0.5, 1.2, 3.2, 0, 5.7, 2.5, 6.2, 1.8, 4.3, 5.8, 1.2, 6.5, 3.4, 2.6, 5.6, 0.9, 0, 3.4, 0]",4,3,circular,0.004576276759712064,0.010843753814697266,4.9,1
2026-03-14_22-00-06,0.05,600,30,False,False,"[4.5, 6, 0, 3.5, 2.5, 5, 3.5, 6, 2, 4, 5.5, 1, 6, 3.5, 2, 5.5, 3.8, 5.7, 3.3, 0, 4.2, 0.5, 1.2, 3.2, 0, 5.7, 2.5, 6.2, 1.8, 4.3, 5.8, 1.2, 6.5, 3.4, 2.6, 5.6, 0.9, 0, 3.4, 0]",5,3,circular,0.0049467067869882735,0.009564638137817383,4.2,20
2026-03-14_22-00-16,0.05,600,30,False,False,"[4.5, 6, 0, 3.5, 2.5, 5, 3.5, 6, 2, 4, 5.5, 1, 6, 3.5, 2, 5.5, 3.8, 5.7, 3.3, 0, 4.2, 0.5, 1.2, 3.2, 0, 5.7, 2.5, 6.2, 1.8, 4.3, 5.8, 1.2, 6.5, 3.4, 2.6, 5.6, 0.9, 0, 3.4, 0]",5,3,circular,0.004980004022991847,0.01096200942993164,4.2,5
2026-03-14_22-00-26,0.05,600,30,False,False,"[4.5, 6, 0, 3.5, 2.5, 5, 3.5, 6, 2, 4, 5.5, 1, 6, 3.5, 2, 5.5, 3.8, 5.7, 3.3, 0, 4.2, 0.5, 1.2, 3.2, 0, 5.7, 2.5, 6.2, 1.8, 4.3, 5.8, 1.2, 6.5, 3.4, 2.6, 5.6, 0.9, 0, 3.4, 0]",5,3,circular,0.004762134854755704,0.008959531784057617,4.2,3
2026-03-14_22-00-35,0.05,600,30,False,False,"[4.5, 6, 0, 3.5, 2.5, 5, 3.5, 6, 2, 4, 5.5, 1, 6, 3.5, 2, 5.5, 3.8, 5.7, 3.3, 0, 4.2, 0.5, 1.2, 3.2, 0, 5.7, 2.5, 6.2, 1.8, 4.3, 5.8, 1.2, 6.5, 3.4, 2.6, 5.6, 0.9, 0, 3.4, 0]",5,3,circular,0.004698848913586329,0.010181188583374023,4.2,1
2026-03-14_22-00-49,0.05,600,30,False,False,"[4.5, 6, 0, 3.5, 2.5, 5, 3.5, 6, 2, 4, 5.5, 1, 6, 3.5, 2, 5.5, 3.8, 5.7, 3.3, 0, 4.2, 0.5, 1.2, 3.2, 0, 5.7, 2.5, 6.2, 1.8, 4.3, 5.8, 1.2, 6.5, 3.4, 2.6, 5.6, 0.9, 0, 3.4, 0]",10,3,circular,0.005511919657389323,0.011527061462402344,6.25,20
2026-03-14_22-01-02,0.05,600,30,False,False,"[4.5, 6, 0, 3.5, 2.5, 5, 3.5, 6, 2, 4, 5.5, 1, 6, 3.5, 2, 5.5, 3.8, 5.7, 3.3, 0, 4.2, 0.5, 1.2, 3.2, 0, 5.7, 2.5, 6.2, 1.8, 4.3, 5.8, 1.2, 6.5, 3.4, 2.6, 5.6, 0.9, 0, 3.4, 0]",10,3,circular,0.0056169637044270835,0.011867761611938477,6.25,5
2026-03-14_22-01-16,0.05,600,30,False,False,"[4.5, 6, 0, 3.5, 2.5, 5, 3.5, 6, 2, 4, 5.5, 1, 6, 3.5, 2, 5.5, 3.8, 5.7, 3.3, 0, 4.2, 0.5, 1.2, 3.2, 0, 5.7, 2.5, 6.2, 1.8, 4.3, 5.8, 1.2, 6.5, 3.4, 2.6, 5.6, 0.9, 0, 3.4, 0]",10,3,circular,0.005557304382324219,0.01136469841003418,6.25,3
2026-03-14_22-01-30,0.05,600,30,False,False,"[4.5, 6, 0, 3.5, 2.5, 5, 3.5, 6, 2, 4, 5.5, 1, 6, 3.5, 2, 5.5, 3.8, 5.7, 3.3, 0, 4.2, 0.5, 1.2, 3.2, 0, 5.7, 2.5, 6.2, 1.8, 4.3, 5.8, 1.2, 6.5, 3.4, 2.6, 5.6, 0.9, 0, 3.4, 0]",10,3,circular,0.0056300741831461585,0.0168917179107666,6.25,1
2026-03-14_22-01-43,0.05,600,30,False,False,"[4.5, 6, 0, 3.5, 2.5, 5, 3.5, 6, 2, 4, 5.5, 1, 6, 3.5, 2, 5.5, 3.8, 5.7, 3.3, 0, 4.2, 0.5, 1.2, 3.2, 0, 5.7, 2.5, 6.2, 1.8, 4.3, 5.8, 1.2, 6.5, 3.4, 2.6, 5.6, 0.9, 0, 3.4, 0]",15,3,circular,0.006496613958607549,0.015579462051391602,5.75,20
2026-03-14_22-01-56,0.05,600,30,False,False,"[4.5, 6, 0, 3.5, 2.5, 5, 3.5, 6, 2, 4, 5.5, 1, 6, 3.5, 2, 5.5, 3.8, 5.7, 3.3, 0, 4.2, 0.5, 1.2, 3.2, 0, 5.7, 2.5, 6.2, 1.8, 4.3, 5.8, 1.2, 6.5, 3.4, 2.6, 5.6, 0.9, 0, 3.4, 0]",15,3,circular,0.006398683354474496,0.014384269714355469,5.75,5
2026-03-14_22-02-09,0.05,600,30,False,False,"[4.5, 6, 0, 3.5, 2.5, 5, 3.5, 6, 2, 4, 5.5, 1, 6, 3.5, 2, 5.5, 3.8, 5.7, 3.3, 0, 4.2, 0.5, 1.2, 3.2, 0, 5.7, 2.5, 6.2, 1.8, 4.3, 5.8, 1.2, 6.5, 3.4, 2.6, 5.6, 0.9, 0, 3.4, 0]",15,3,circular,0.006378385986106983,0.013396501541137695,5.75,3
2026-03-14_22-02-22,0.05,600,30,False,False,"[4.5, 6, 0, 3.5, 2.5, 5, 3.5, 6, 2, 4, 5.5, 1, 6, 3.5, 2, 5.5, 3.8, 5.7, 3.3, 0, 4.2, 0.5, 1.2, 3.2, 0, 5.7, 2.5, 6.2, 1.8, 4.3, 5.8, 1.2, 6.5, 3.4, 2.6, 5.6, 0.9, 0, 3.4, 0]",15,3,circular,0.006558277295983356,0.015383720397949219,5.75,1
2026-03-14_22-02-35,0.05,600,30,False,False,"[4.5, 6, 0, 3.5, 2.5, 5, 3.5, 6, 2, 4, 5.5, 1, 6, 3.5, 2, 5.5, 3.8, 5.7, 3.3, 0, 4.2, 0.5, 1.2, 3.2, 0, 5.7, 2.5, 6.2, 1.8, 4.3, 5.8, 1.2, 6.5, 3.4, 2.6, 5.6, 0.9, 0, 3.4, 0]",20,3,circular,0.007283355972983621,0.018157005310058594,5.5,20
2026-03-14_22-02-48,0.05,600,30,False,False,"[4.5, 6, 0, 3.5, 2.5, 5, 3.5, 6, 2, 4, 5.5, 1, 6, 3.5, 2, 5.5, 3.8, 5.7, 3.3, 0, 4.2, 0.5, 1.2, 3.2, 0, 5.7, 2.5, 6.2, 1.8, 4.3, 5.8, 1.2, 6.5, 3.4, 2.6, 5.6, 0.9, 0, 3.4, 0]",20,3,circular,0.007185858668703022,0.017629146575927734,5.5,5
2026-03-14_22-03-01,0.05,600,30,False,False,"[4.5, 6, 0, 3.5, 2.5, 5, 3.5, 6, 2, 4, 5.5, 1, 6, 3.5, 2, 5.5, 3.8, 5.7, 3.3, 0, 4.2, 0.5, 1.2, 3.2, 0, 5.7, 2.5, 6.2, 1.8, 4.3, 5.8, 1.2, 6.5, 3.4, 2.6, 5.6, 0.9, 0, 3.4, 0]",20,3,circular,0.0071867812763560905,0.01958179473876953,5.5,3
2026-03-14_22-03-14,0.05,600,30,False,False,"[4.5, 6, 0, 3.5, 2.5, 5, 3.5, 6, 2, 4, 5.5, 1, 6, 3.5, 2, 5.5, 3.8, 5.7, 3.3, 0, 4.2, 0.5, 1.2, 3.2, 0, 5.7, 2.5, 6.2, 1.8, 4.3, 5.8, 1.2, 6.5, 3.4, 2.6, 5.6, 0.9, 0, 3.4, 0]",20,3,circular,0.007220277641758774,0.01811385154724121,5.5,1
2026-03-14_22-03-27,0.05,600,30,False,False,"[4.5, 6, 0, 3.5, 2.5, 5, 3.5, 6, 2, 4, 5.5, 1, 6, 3.5, 2, 5.5, 3.8, 5.7, 3.3, 0, 4.2, 0.5, 1.2, 3.2, 0, 5.7, 2.5, 6.2, 1.8, 4.3, 5.8, 1.2, 6.5, 3.4, 2.6, 5.6, 0.9, 0, 3.4, 0]",25,3,circular,0.007981919796667366,0.017711877822875977,5.3500000000000005,20
2026-03-14_22-03-40,0.05,600,30,False,False,"[4.5, 6, 0, 3.5, 2.5, 5, 3.5, 6, 2, 4, 5.5, 1, 6, 3.5, 2, 5.5, 3.8, 5.7, 3.3, 0, 4.2, 0.5, 1.2, 3.2, 0, 5.7, 2.5, 6.2, 1.8, 4.3, 5.8, 1.2, 6.5, 3.4, 2.6, 5.6, 0.9, 0, 3.4, 0]",25,3,circular,0.007989804692728869,0.0185086727142334,5.3500000000000005,5
2026-03-14_22-03-53,0.05,600,30,False,False,"[4.5, 6, 0, 3.5, 2.5, 5, 3.5, 6, 2, 4, 5.5, 1, 6, 3.5, 2, 5.5, 3.8, 5.7, 3.3, 0, 4.2, 0.5, 1.2, 3.2, 0, 5.7, 2.5, 6.2, 1.8, 4.3, 5.8, 1.2, 6.5, 3.4, 2.6, 5.6, 0.9, 0, 3.4, 0]",25,3,circular,0.007956573896318953,0.017788171768188477,5.3500000000000005,3
2026-03-14_22-04-06,0.05,600,30,False,False,"[4.5, 6, 0, 3.5, 2.5, 5, 3.5, 6, 2, 4, 5.5, 1, 6, 3.5, 2, 5.5, 3.8, 5.7, 3.3, 0, 4.2, 0.5, 1.2, 3.2, 0, 5.7, 2.5, 6.2, 1.8, 4.3, 5.8, 1.2, 6.5, 3.4, 2.6, 5.6, 0.9, 0, 3.4, 0]",25,3,circular,0.008046921168532327,0.017826080322265625,5.3500000000000005,1
2026-03-14_22-05-24,0.05,600,30,False,False,"[4.5, 6, 0, 3.5, 2.5, 5, 3.5, 6, 2, 4, 5.5, 1, 6, 3.5, 2, 5.5, 3.8, 5.7, 3.3, 0, 4.2, 0.5, 1.2, 3.2, 0, 5.7, 2.5, 6.2, 1.8, 4.3, 5.8, 1.2, 6.5, 3.4, 2.6, 5.6, 0.9, 0, 3.4, 0]",1,4,circular,0.0038811797681062117,0.021282672882080078,26.450000000000003,20
2026-03-14_22-11-53,0.05,600,30,False,False,"[4.5, 6, 0, 3.5, 2.5, 5, 3.5, 6, 2, 4, 5.5, 1, 6, 3.5, 2, 5.5, 3.8, 5.7, 3.3, 0, 4.2, 0.5, 1.2, 3.2, 0, 5.7, 2.5, 6.2, 1.8, 4.3, 5.8, 1.2, 6.5, 3.4, 2.6, 5.6, 0.9, 0, 3.4, 0]",1,4,circular,0.07895622924956122,0.27750444412231445,26.450000000000003,5
2026-03-14_22-32-39,0.05,600,30,False,False,"[4.5, 6, 0, 3.5, 2.5, 5, 3.5, 6, 2, 4, 5.5, 1, 6, 3.5, 2, 5.5, 3.8, 5.7, 3.3, 0, 4.2, 0.5, 1.2, 3.2, 0, 5.7, 2.5, 6.2, 1.8, 4.3, 5.8, 1.2, 6.5, 3.4, 2.6, 5.6, 0.9, 0, 3.4, 0]",1,4,circular,0.004317808016036093,0.01886272430419922,26.450000000000003,20
2026-03-14_22-33-57,0.05,600,30,False,False,"[4.5, 6, 0, 3.5, 2.5, 5, 3.5, 6, 2, 4, 5.5, 1, 6, 3.5, 2, 5.5, 3.8, 5.7, 3.3, 0, 4.2, 0.5, 1.2, 3.2, 0, 5.7, 2.5, 6.2, 1.8, 4.3, 5.8, 1.2, 6.5, 3.4, 2.6, 5.6, 0.9, 0, 3.4, 0]",1,4,circular,0.003918512219066656,0.03924155235290527,26.450000000000003,5
2026-03-14_22-35-13,0.05,600,30,False,False,"[4.5, 6, 0, 3.5, 2.5, 5, 3.5, 6, 2, 4, 5.5, 1, 6, 3.5, 2, 5.5, 3.8, 5.7, 3.3, 0, 4.2, 0.5, 1.2, 3.2, 0, 5.7, 2.5, 6.2, 1.8, 4.3, 5.8, 1.2, 6.5, 3.4, 2.6, 5.6, 0.9, 0, 3.4, 0]",1,4,circular,0.0038845379095672435,0.00746607780456543,26.450000000000003,3
2026-03-14_22-36-30,0.05,600,30,False,False,"[4.5, 6, 0, 3.5, 2.5, 5, 3.5, 6, 2, 4, 5.5, 1, 6, 3.5, 2, 5.5, 3.8, 5.7, 3.3, 0, 4.2, 0.5, 1.2, 3.2, 0, 5.7, 2.5, 6.2, 1.8, 4.3, 5.8, 1.2, 6.5, 3.4, 2.6, 5.6, 0.9, 0, 3.4, 0]",1,4,circular,0.0038855186256884625,0.007146120071411133,26.450000000000003,1
2026-03-14_22-36-59,0.05,600,30,False,False,"[4.5, 6, 0, 3.5, 2.5, 5, 3.5, 6, 2, 4, 5.5, 1, 6, 3.5, 2, 5.5, 3.8, 5.7, 3.3, 0, 4.2, 0.5, 1.2, 3.2, 0, 5.7, 2.5, 6.2, 1.8, 4.3, 5.8, 1.2, 6.5, 3.4, 2.6, 5.6, 0.9, 0, 3.4, 0]",2,4,circular,0.004074965940939414,0.007336139678955078,9.25,20
2026-03-14_22-37-27,0.05,600,30,False,False,"[4.5, 6, 0, 3.5, 2.5, 5, 3.5, 6, 2, 4, 5.5, 1, 6, 3.5, 2, 5.5, 3.8, 5.7, 3.3, 0, 4.2, 0.5, 1.2, 3.2, 0, 5.7, 2.5, 6.2, 1.8, 4.3, 5.8, 1.2, 6.5, 3.4, 2.6, 5.6, 0.9, 0, 3.4, 0]",2,4,circular,0.004068470645595242,0.007620096206665039,9.25,5
2026-03-14_22-37-56,0.05,600,30,False,False,"[4.5, 6, 0, 3.5, 2.5, 5, 3.5, 6, 2, 4, 5.5, 1, 6, 3.5, 2, 5.5, 3.8, 5.7, 3.3, 0, 4.2, 0.5, 1.2, 3.2, 0, 5.7, 2.5, 6.2, 1.8, 4.3, 5.8, 1.2, 6.5, 3.4, 2.6, 5.6, 0.9, 0, 3.4, 0]",2,4,circular,0.0040765375704378696,0.007648468017578125,9.25,3
2026-03-14_22-38-25,0.05,600,30,False,False,"[4.5, 6, 0, 3.5, 2.5, 5, 3.5, 6, 2, 4, 5.5, 1, 6, 3.5, 2, 5.5, 3.8, 5.7, 3.3, 0, 4.2, 0.5, 1.2, 3.2, 0, 5.7, 2.5, 6.2, 1.8, 4.3, 5.8, 1.2, 6.5, 3.4, 2.6, 5.6, 0.9, 0, 3.4, 0]",2,4,circular,0.004071892918767156,0.010433197021484375,9.25,1
2026-03-14_22-38-41,0.05,600,30,False,False,"[4.5, 6, 0, 3.5, 2.5, 5, 3.5, 6, 2, 4, 5.5, 1, 6, 3.5, 2, 5.5, 3.8, 5.7, 3.3, 0, 4.2, 0.5, 1.2, 3.2, 0, 5.7, 2.5, 6.2, 1.8, 4.3, 5.8, 1.2, 6.5, 3.4, 2.6, 5.6, 0.9, 0, 3.4, 0]",3,4,circular,0.004413652901697641,0.012165546417236328,4.95,20
2026-03-14_22-38-58,0.05,600,30,False,False,"[4.5, 6, 0, 3.5, 2.5, 5, 3.5, 6, 2, 4, 5.5, 1, 6, 3.5, 2, 5.5, 3.8, 5.7, 3.3, 0, 4.2, 0.5, 1.2, 3.2, 0, 5.7, 2.5, 6.2, 1.8, 4.3, 5.8, 1.2, 6.5, 3.4, 2.6, 5.6, 0.9, 0, 3.4, 0]",3,4,circular,0.004300165055978178,0.007838249206542969,4.95,5
2026-03-14_22-39-14,0.05,600,30,False,False,"[4.5, 6, 0, 3.5, 2.5, 5, 3.5, 6, 2, 4, 5.5, 1, 6, 3.5, 2, 5.5, 3.8, 5.7, 3.3, 0, 4.2, 0.5, 1.2, 3.2, 0, 5.7, 2.5, 6.2, 1.8, 4.3, 5.8, 1.2, 6.5, 3.4, 2.6, 5.6, 0.9, 0, 3.4, 0]",3,4,circular,0.00426320174727777,0.008193492889404297,4.95,3
2026-03-14_22-39-31,0.05,600,30,False,False,"[4.5, 6, 0, 3.5, 2.5, 5, 3.5, 6, 2, 4, 5.5, 1, 6, 3.5, 2, 5.5, 3.8, 5.7, 3.3, 0, 4.2, 0.5, 1.2, 3.2, 0, 5.7, 2.5, 6.2, 1.8, 4.3, 5.8, 1.2, 6.5, 3.4, 2.6, 5.6, 0.9, 0, 3.4, 0]",3,4,circular,0.004292569377205588,0.008161783218383789,4.95,1
2026-03-14_22-39-56,0.05,600,30,False,False,"[4.5, 6, 0, 3.5, 2.5, 5, 3.5, 6, 2, 4, 5.5, 1, 6, 3.5, 2, 5.5, 3.8, 5.7, 3.3, 0, 4.2, 0.5, 1.2, 3.2, 0, 5.7, 2.5, 6.2, 1.8, 4.3, 5.8, 1.2, 6.5, 3.4, 2.6, 5.6, 0.9, 0, 3.4, 0]",4,4,circular,0.004506437060160515,0.008857011795043945,7.800000000000001,20
2026-03-14_22-40-21,0.05,600,30,False,False,"[4.5, 6, 0, 3.5, 2.5, 5, 3.5, 6, 2, 4, 5.5, 1, 6, 3.5, 2, 5.5, 3.8, 5.7, 3.3, 0, 4.2, 0.5, 1.2, 3.2, 0, 5.7, 2.5, 6.2, 1.8, 4.3, 5.8, 1.2, 6.5, 3.4, 2.6, 5.6, 0.9, 0, 3.4, 0]",4,4,circular,0.004462694892516503,0.008106708526611328,7.800000000000001,5
2026-03-14_22-40-46,0.05,600,30,False,False,"[4.5, 6, 0, 3.5, 2.5, 5, 3.5, 6, 2, 4, 5.5, 1, 6, 3.5, 2, 5.5, 3.8, 5.7, 3.3, 0, 4.2, 0.5, 1.2, 3.2, 0, 5.7, 2.5, 6.2, 1.8, 4.3, 5.8, 1.2, 6.5, 3.4, 2.6, 5.6, 0.9, 0, 3.4, 0]",4,4,circular,0.004551978829579475,0.014088630676269531,7.800000000000001,3
2026-03-14_22-41-11,0.05,600,30,False,False,"[4.5, 6, 0, 3.5, 2.5, 5, 3.5, 6, 2, 4, 5.5, 1, 6, 3.5, 2, 5.5, 3.8, 5.7, 3.3, 0, 4.2, 0.5, 1.2, 3.2, 0, 5.7, 2.5, 6.2, 1.8, 4.3, 5.8, 1.2, 6.5, 3.4, 2.6, 5.6, 0.9, 0, 3.4, 0]",4,4,circular,0.0045247719838069035,0.008768796920776367,7.800000000000001,1
2026-03-14_22-41-34,0.05,600,30,False,False,"[4.5, 6, 0, 3.5, 2.5, 5, 3.5, 6, 2, 4, 5.5, 1, 6, 3.5, 2, 5.5, 3.8, 5.7, 3.3, 0, 4.2, 0.5, 1.2, 3.2, 0, 5.7, 2.5, 6.2, 1.8, 4.3, 5.8, 1.2, 6.5, 3.4, 2.6, 5.6, 0.9, 0, 3.4, 0]",5,4,circular,0.004851550703317347,0.009580612182617188,7.1000000000000005,20
2026-03-14_22-41-57,0.05,600,30,False,False,"[4.5, 6, 0, 3.5, 2.5, 5, 3.5, 6, 2, 4, 5.5, 1, 6, 3.5, 2, 5.5, 3.8, 5.7, 3.3, 0, 4.2, 0.5, 1.2, 3.2, 0, 5.7, 2.5, 6.2, 1.8, 4.3, 5.8, 1.2, 6.5, 3.4, 2.6, 5.6, 0.9, 0, 3.4, 0]",5,4,circular,0.004742306722721583,0.009774208068847656,7.1000000000000005,5
2026-03-14_22-42-20,0.05,600,30,False,False,"[4.5, 6, 0, 3.5, 2.5, 5, 3.5, 6, 2, 4, 5.5, 1, 6, 3.5, 2, 5.5, 3.8, 5.7, 3.3, 0, 4.2, 0.5, 1.2, 3.2, 0, 5.7, 2.5, 6.2, 1.8, 4.3, 5.8, 1.2, 6.5, 3.4, 2.6, 5.6, 0.9, 0, 3.4, 0]",5,4,circular,0.004733475581021376,0.010393857955932617,7.1000000000000005,3
2026-03-14_22-42-44,0.05,600,30,False,False,"[4.5, 6, 0, 3.5, 2.5, 5, 3.5, 6, 2, 4, 5.5, 1, 6, 3.5, 2, 5.5, 3.8, 5.7, 3.3, 0, 4.2, 0.5, 1.2, 3.2, 0, 5.7, 2.5, 6.2, 1.8, 4.3, 5.8, 1.2, 6.5, 3.4, 2.6, 5.6, 0.9, 0, 3.4, 0]",5,4,circular,0.004823281731404049,0.009121894836425781,7.1000000000000005,1
2026-03-14_22-43-04,0.05,600,30,False,False,"[4.5, 6, 0, 3.5, 2.5, 5, 3.5, 6, 2, 4, 5.5, 1, 6, 3.5, 2, 5.5, 3.8, 5.7, 3.3, 0, 4.2, 0.5, 1.2, 3.2, 0, 5.7, 2.5, 6.2, 1.8, 4.3, 5.8, 1.2, 6.5, 3.4, 2.6, 5.6, 0.9, 0, 3.4, 0]",10,4,circular,0.005841082593669062,0.011179447174072266,5.75,20
2026-03-14_22-43-23,0.05,600,30,False,False,"[4.5, 6, 0, 3.5, 2.5, 5, 3.5, 6, 2, 4, 5.5, 1, 6, 3.5, 2, 5.5, 3.8, 5.7, 3.3, 0, 4.2, 0.5, 1.2, 3.2, 0, 5.7, 2.5, 6.2, 1.8, 4.3, 5.8, 1.2, 6.5, 3.4, 2.6, 5.6, 0.9, 0, 3.4, 0]",10,4,circular,0.005833794759667438,0.018979310989379883,5.75,5
2026-03-14_22-43-43,0.05,600,30,False,False,"[4.5, 6, 0, 3.5, 2.5, 5, 3.5, 6, 2, 4, 5.5, 1, 6, 3.5, 2, 5.5, 3.8, 5.7, 3.3, 0, 4.2, 0.5, 1.2, 3.2, 0, 5.7, 2.5, 6.2, 1.8, 4.3, 5.8, 1.2, 6.5, 3.4, 2.6, 5.6, 0.9, 0, 3.4, 0]",10,4,circular,0.005898070853689442,0.01335000991821289,5.75,3
2026-03-14_22-44-03,0.05,600,30,False,False,"[4.5, 6, 0, 3.5, 2.5, 5, 3.5, 6, 2, 4, 5.5, 1, 6, 3.5, 2, 5.5, 3.8, 5.7, 3.3, 0, 4.2, 0.5, 1.2, 3.2, 0, 5.7, 2.5, 6.2, 1.8, 4.3, 5.8, 1.2, 6.5, 3.4, 2.6, 5.6, 0.9, 0, 3.4, 0]",10,4,circular,0.00579392961833788,0.01203298568725586,5.75,1
2026-03-14_22-44-23,0.05,600,30,False,False,"[4.5, 6, 0, 3.5, 2.5, 5, 3.5, 6, 2, 4, 5.5, 1, 6, 3.5, 2, 5.5, 3.8, 5.7, 3.3, 0, 4.2, 0.5, 1.2, 3.2, 0, 5.7, 2.5, 6.2, 1.8, 4.3, 5.8, 1.2, 6.5, 3.4, 2.6, 5.6, 0.9, 0, 3.4, 0]",15,4,circular,0.006604365728519581,0.013354301452636719,5.4,20
2026-03-14_22-44-42,0.05,600,30,False,False,"[4.5, 6, 0, 3.5, 2.5, 5, 3.5, 6, 2, 4, 5.5, 1, 6, 3.5, 2, 5.5, 3.8, 5.7, 3.3, 0, 4.2, 0.5, 1.2, 3.2, 0, 5.7, 2.5, 6.2, 1.8, 4.3, 5.8, 1.2, 6.5, 3.4, 2.6, 5.6, 0.9, 0, 3.4, 0]",15,4,circular,0.006701438515274613,0.02116107940673828,5.4,5
2026-03-14_22-45-01,0.05,600,30,False,False,"[4.5, 6, 0, 3.5, 2.5, 5, 3.5, 6, 2, 4, 5.5, 1, 6, 3.5, 2, 5.5, 3.8, 5.7, 3.3, 0, 4.2, 0.5, 1.2, 3.2, 0, 5.7, 2.5, 6.2, 1.8, 4.3, 5.8, 1.2, 6.5, 3.4, 2.6, 5.6, 0.9, 0, 3.4, 0]",15,4,circular,0.0066947269218939325,0.014944791793823242,5.4,3
2026-03-14_22-45-20,0.05,600,30,False,False,"[4.5, 6, 0, 3.5, 2.5, 5, 3.5, 6, 2, 4, 5.5, 1, 6, 3.5, 2, 5.5, 3.8, 5.7, 3.3, 0, 4.2, 0.5, 1.2, 3.2, 0, 5.7, 2.5, 6.2, 1.8, 4.3, 5.8, 1.2, 6.5, 3.4, 2.6, 5.6, 0.9, 0, 3.4, 0]",15,4,circular,0.0065907179205505935,0.013537406921386719,5.4,1
2026-03-14_22-45-39,0.05,600,30,False,False,"[4.5, 6, 0, 3.5, 2.5, 5, 3.5, 6, 2, 4, 5.5, 1, 6, 3.5, 2, 5.5, 3.8, 5.7, 3.3, 0, 4.2, 0.5, 1.2, 3.2, 0, 5.7, 2.5, 6.2, 1.8, 4.3, 5.8, 1.2, 6.5, 3.4, 2.6, 5.6, 0.9, 0, 3.4, 0]",20,4,circular,0.007454013595214257,0.02271890640258789,5.2,20
2026-03-14_22-45-58,0.05,600,30,False,False,"[4.5, 6, 0, 3.5, 2.5, 5, 3.5, 6, 2, 4, 5.5, 1, 6, 3.5, 2, 5.5, 3.8, 5.7, 3.3, 0, 4.2, 0.5, 1.2, 3.2, 0, 5.7, 2.5, 6.2, 1.8, 4.3, 5.8, 1.2, 6.5, 3.4, 2.6, 5.6, 0.9, 0, 3.4, 0]",20,4,circular,0.007475576148583339,0.016982078552246094,5.2,5
2026-03-14_22-46-18,0.05,600,30,False,False,"[4.5, 6, 0, 3.5, 2.5, 5, 3.5, 6, 2, 4, 5.5, 1, 6, 3.5, 2, 5.5, 3.8, 5.7, 3.3, 0, 4.2, 0.5, 1.2, 3.2, 0, 5.7, 2.5, 6.2, 1.8, 4.3, 5.8, 1.2, 6.5, 3.4, 2.6, 5.6, 0.9, 0, 3.4, 0]",20,4,circular,0.007440937826266656,0.01637101173400879,5.2,3
2026-03-14_22-46-37,0.05,600,30,False,False,"[4.5, 6, 0, 3.5, 2.5, 5, 3.5, 6, 2, 4, 5.5, 1, 6, 3.5, 2, 5.5, 3.8, 5.7, 3.3, 0, 4.2, 0.5, 1.2, 3.2, 0, 5.7, 2.5, 6.2, 1.8, 4.3, 5.8, 1.2, 6.5, 3.4, 2.6, 5.6, 0.9, 0, 3.4, 0]",20,4,circular,0.007527974935678335,0.01784348487854004,5.2,1
2026-03-14_22-46-56,0.05,600,30,False,False,"[4.5, 6, 0, 3.5, 2.5, 5, 3.5, 6, 2, 4, 5.5, 1, 6, 3.5, 2, 5.5, 3.8, 5.7, 3.3, 0, 4.2, 0.5, 1.2, 3.2, 0, 5.7, 2.5, 6.2, 1.8, 4.3, 5.8, 1.2, 6.5, 3.4, 2.6, 5.6, 0.9, 0, 3.4, 0]",25,4,circular,0.008196588790062631,0.01723170280456543,5.050000000000001,20
2026-03-14_22-47-16,0.05,600,30,False,False,"[4.5, 6, 0, 3.5, 2.5, 5, 3.5, 6, 2, 4, 5.5, 1, 6, 3.5, 2, 5.5, 3.8, 5.7, 3.3, 0, 4.2, 0.5, 1.2, 3.2, 0, 5.7, 2.5, 6.2, 1.8, 4.3, 5.8, 1.2, 6.5, 3.4, 2.6, 5.6, 0.9, 0, 3.4, 0]",25,4,circular,0.008282561113338659,0.018718957901000977,5.050000000000001,5
2026-03-14_22-47-35,0.05,600,30,False,False,"[4.5, 6, 0, 3.5, 2.5, 5, 3.5, 6, 2, 4, 5.5, 1, 6, 3.5, 2, 5.5, 3.8, 5.7, 3.3, 0, 4.2, 0.5, 1.2, 3.2, 0, 5.7, 2.5, 6.2, 1.8, 4.3, 5.8, 1.2, 6.5, 3.4, 2.6, 5.6, 0.9, 0, 3.4, 0]",25,4,circular,0.00825326395506906,0.017392873764038086,5.050000000000001,3
2026-03-14_22-47-54,0.05,600,30,False,False,"[4.5, 6, 0, 3.5, 2.5, 5, 3.5, 6, 2, 4, 5.5, 1, 6, 3.5, 2, 5.5, 3.8, 5.7, 3.3, 0, 4.2, 0.5, 1.2, 3.2, 0, 5.7, 2.5, 6.2, 1.8, 4.3, 5.8, 1.2, 6.5, 3.4, 2.6, 5.6, 0.9, 0, 3.4, 0]",25,4,circular,0.008275907818633731,0.019252777099609375,5.050000000000001,1
2026-03-14_23-00-29,0.05,600,30,False,False,"[4.5, 6, 0, 3.5, 2.5, 5, 3.5, 6, 2, 4, 5.5, 1, 6, 3.5, 2, 5.5, 3.8, 5.7, 3.3, 0, 4.2, 0.5, 1.2, 3.2, 0, 5.7, 2.5, 6.2, 1.8, 4.3, 5.8, 1.2, 6.5, 3.4, 2.6, 5.6, 0.9, 0, 3.4, 0]",1,6,circular,0.004166517159485981,0.010144472122192383,21.85,20
2026-03-14_23-03-02,0.05,600,30,False,False,"[4.5, 6, 0, 3.5, 2.5, 5, 3.5, 6, 2, 4, 5.5, 1, 6, 3.5, 2, 5.5, 3.8, 5.7, 3.3, 0, 4.2, 0.5, 1.2, 3.2, 0, 5.7, 2.5, 6.2, 1.8, 4.3, 5.8, 1.2, 6.5, 3.4, 2.6, 5.6, 0.9, 0, 3.4, 0]",1,6,circular,0.004393898285953804,0.01255488395690918,21.85,5
2026-03-14_23-05-29,0.05,600,30,False,False,"[4.5, 6, 0, 3.5, 2.5, 5, 3.5, 6, 2, 4, 5.5, 1, 6, 3.5, 2, 5.5, 3.8, 5.7, 3.3, 0, 4.2, 0.5, 1.2, 3.2, 0, 5.7, 2.5, 6.2, 1.8, 4.3, 5.8, 1.2, 6.5, 3.4, 2.6, 5.6, 0.9, 0, 3.4, 0]",1,6,circular,0.004205893870076544,0.010593175888061523,21.85,3
2026-03-14_23-07-50,0.05,600,30,False,False,"[4.5, 6, 0, 3.5, 2.5, 5, 3.5, 6, 2, 4, 5.5, 1, 6, 3.5, 2, 5.5, 3.8, 5.7, 3.3, 0, 4.2, 0.5, 1.2, 3.2, 0, 5.7, 2.5, 6.2, 1.8, 4.3, 5.8, 1.2, 6.5, 3.4, 2.6, 5.6, 0.9, 0, 3.4, 0]",1,6,circular,0.004001662260153019,0.011751413345336914,21.85,1
2026-03-14_23-08-26,0.05,600,30,False,False,"[4.5, 6, 0, 3.5, 2.5, 5, 3.5, 6, 2, 4, 5.5, 1, 6, 3.5, 2, 5.5, 3.8, 5.7, 3.3, 0, 4.2, 0.5, 1.2, 3.2, 0, 5.7, 2.5, 6.2, 1.8, 4.3, 5.8, 1.2, 6.5, 3.4, 2.6, 5.6, 0.9, 0, 3.4, 0]",2,6,circular,0.004233894318435051,0.007600307464599609,5.3500000000000005,20
2026-03-14_23-09-03,0.05,600,30,False,False,"[4.5, 6, 0, 3.5, 2.5, 5, 3.5, 6, 2, 4, 5.5, 1, 6, 3.5, 2, 5.5, 3.8, 5.7, 3.3, 0, 4.2, 0.5, 1.2, 3.2, 0, 5.7, 2.5, 6.2, 1.8, 4.3, 5.8, 1.2, 6.5, 3.4, 2.6, 5.6, 0.9, 0, 3.4, 0]",2,6,circular,0.004247754533714223,0.01032257080078125,5.3500000000000005,5
2026-03-14_23-09-40,0.05,600,30,False,False,"[4.5, 6, 0, 3.5, 2.5, 5, 3.5, 6, 2, 4, 5.5, 1, 6, 3.5, 2, 5.5, 3.8, 5.7, 3.3, 0, 4.2, 0.5, 1.2, 3.2, 0, 5.7, 2.5, 6.2, 1.8, 4.3, 5.8, 1.2, 6.5, 3.4, 2.6, 5.6, 0.9, 0, 3.4, 0]",2,6,circular,0.004240870475769043,0.007969141006469727,5.3500000000000005,3
2026-03-14_23-10-17,0.05,600,30,False,False,"[4.5, 6, 0, 3.5, 2.5, 5, 3.5, 6, 2, 4, 5.5, 1, 6, 3.5, 2, 5.5, 3.8, 5.7, 3.3, 0, 4.2, 0.5, 1.2, 3.2, 0, 5.7, 2.5, 6.2, 1.8, 4.3, 5.8, 1.2, 6.5, 3.4, 2.6, 5.6, 0.9, 0, 3.4, 0]",2,6,circular,0.004230436134932568,0.00861048698425293,5.3500000000000005,1
2026-03-14_23-11-07,0.05,600,30,False,False,"[4.5, 6, 0, 3.5, 2.5, 5, 3.5, 6, 2, 4, 5.5, 1, 6, 3.5, 2, 5.5, 3.8, 5.7, 3.3, 0, 4.2, 0.5, 1.2, 3.2, 0, 5.7, 2.5, 6.2, 1.8, 4.3, 5.8, 1.2, 6.5, 3.4, 2.6, 5.6, 0.9, 0, 3.4, 0]",3,6,circular,0.004399014049106174,0.008686065673828125,7.5,20
2026-03-14_23-11-57,0.05,600,30,False,False,"[4.5, 6, 0, 3.5, 2.5, 5, 3.5, 6, 2, 4, 5.5, 1, 6, 3.5, 2, 5.5, 3.8, 5.7, 3.3, 0, 4.2, 0.5, 1.2, 3.2, 0, 5.7, 2.5, 6.2, 1.8, 4.3, 5.8, 1.2, 6.5, 3.4, 2.6, 5.6, 0.9, 0, 3.4, 0]",3,6,circular,0.004416040049658882,0.009128332138061523,7.5,5
2026-03-14_23-12-48,0.05,600,30,False,False,"[4.5, 6, 0, 3.5, 2.5, 5, 3.5, 6, 2, 4, 5.5, 1, 6, 3.5, 2, 5.5, 3.8, 5.7, 3.3, 0, 4.2, 0.5, 1.2, 3.2, 0, 5.7, 2.5, 6.2, 1.8, 4.3, 5.8, 1.2, 6.5, 3.4, 2.6, 5.6, 0.9, 0, 3.4, 0]",3,6,circular,0.0044548617468939886,0.010327339172363281,7.5,3
2026-03-14_23-13-39,0.05,600,30,False,False,"[4.5, 6, 0, 3.5, 2.5, 5, 3.5, 6, 2, 4, 5.5, 1, 6, 3.5, 2, 5.5, 3.8, 5.7, 3.3, 0, 4.2, 0.5, 1.2, 3.2, 0, 5.7, 2.5, 6.2, 1.8, 4.3, 5.8, 1.2, 6.5, 3.4, 2.6, 5.6, 0.9, 0, 3.4, 0]",3,6,circular,0.004452512264251709,0.0094451904296875,7.5,1
2026-03-14_23-14-25,0.05,600,30,False,False,"[4.5, 6, 0, 3.5, 2.5, 5, 3.5, 6, 2, 4, 5.5, 1, 6, 3.5, 2, 5.5, 3.8, 5.7, 3.3, 0, 4.2, 0.5, 1.2, 3.2, 0, 5.7, 2.5, 6.2, 1.8, 4.3, 5.8, 1.2, 6.5, 3.4, 2.6, 5.6, 0.9, 0, 3.4, 0]",4,6,circular,0.004662067439425644,0.01234126091003418,6.7,20
2026-03-14_23-15-10,0.05,600,30,False,False,"[4.5, 6, 0, 3.5, 2.5, 5, 3.5, 6, 2, 4, 5.5, 1, 6, 3.5, 2, 5.5, 3.8, 5.7, 3.3, 0, 4.2, 0.5, 1.2, 3.2, 0, 5.7, 2.5, 6.2, 1.8, 4.3, 5.8, 1.2, 6.5, 3.4, 2.6, 5.6, 0.9, 0, 3.4, 0]",4,6,circular,0.004668126355356245,0.01040792465209961,6.7,5
2026-03-14_23-15-56,0.05,600,30,False,False,"[4.5, 6, 0, 3.5, 2.5, 5, 3.5, 6, 2, 4, 5.5, 1, 6, 3.5, 2, 5.5, 3.8, 5.7, 3.3, 0, 4.2, 0.5, 1.2, 3.2, 0, 5.7, 2.5, 6.2, 1.8, 4.3, 5.8, 1.2, 6.5, 3.4, 2.6, 5.6, 0.9, 0, 3.4, 0]",4,6,circular,0.004683544386678667,0.00983572006225586,6.7,3
2026-03-14_23-16-41,0.05,600,30,False,False,"[4.5, 6, 0, 3.5, 2.5, 5, 3.5, 6, 2, 4, 5.5, 1, 6, 3.5, 2, 5.5, 3.8, 5.7, 3.3, 0, 4.2, 0.5, 1.2, 3.2, 0, 5.7, 2.5, 6.2, 1.8, 4.3, 5.8, 1.2, 6.5, 3.4, 2.6, 5.6, 0.9, 0, 3.4, 0]",4,6,circular,0.004667625201875298,0.010882854461669922,6.7,1
2026-03-14_23-17-25,0.05,600,30,False,False,"[4.5, 6, 0, 3.5, 2.5, 5, 3.5, 6, 2, 4, 5.5, 1, 6, 3.5, 2, 5.5, 3.8, 5.7, 3.3, 0, 4.2, 0.5, 1.2, 3.2, 0, 5.7, 2.5, 6.2, 1.8, 4.3, 5.8, 1.2, 6.5, 3.4, 2.6, 5.6, 0.9, 0, 3.4, 0]",5,6,circular,0.0049058043162028,0.010092735290527344,6.25,20
2026-03-14_23-18-08,0.05,600,30,False,False,"[4.5, 6, 0, 3.5, 2.5, 5, 3.5, 6, 2, 4, 5.5, 1, 6, 3.5, 2, 5.5, 3.8, 5.7, 3.3, 0, 4.2, 0.5, 1.2, 3.2, 0, 5.7, 2.5, 6.2, 1.8, 4.3, 5.8, 1.2, 6.5, 3.4, 2.6, 5.6, 0.9, 0, 3.4, 0]",5,6,circular,0.004892384847005209,0.00987553596496582,6.25,5
2026-03-14_23-18-50,0.05,600,30,False,False,"[4.5, 6, 0, 3.5, 2.5, 5, 3.5, 6, 2, 4, 5.5, 1, 6, 3.5, 2, 5.5, 3.8, 5.7, 3.3, 0, 4.2, 0.5, 1.2, 3.2, 0, 5.7, 2.5, 6.2, 1.8, 4.3, 5.8, 1.2, 6.5, 3.4, 2.6, 5.6, 0.9, 0, 3.4, 0]",5,6,circular,0.004903984069824219,0.020762920379638672,6.25,3
2026-03-14_23-19-33,0.05,600,30,False,False,"[4.5, 6, 0, 3.5, 2.5, 5, 3.5, 6, 2, 4, 5.5, 1, 6, 3.5, 2, 5.5, 3.8, 5.7, 3.3, 0, 4.2, 0.5, 1.2, 3.2, 0, 5.7, 2.5, 6.2, 1.8, 4.3, 5.8, 1.2, 6.5, 3.4, 2.6, 5.6, 0.9, 0, 3.4, 0]",5,6,circular,0.004870561917622884,0.009433984756469727,6.25,1
2026-03-14_23-20-11,0.05,600,30,False,False,"[4.5, 6, 0, 3.5, 2.5, 5, 3.5, 6, 2, 4, 5.5, 1, 6, 3.5, 2, 5.5, 3.8, 5.7, 3.3, 0, 4.2, 0.5, 1.2, 3.2, 0, 5.7, 2.5, 6.2, 1.8, 4.3, 5.8, 1.2, 6.5, 3.4, 2.6, 5.6, 0.9, 0, 3.4, 0]",10,6,circular,0.005939090863252297,0.011922836303710938,5.2,20
2026-03-14_23-20-48,0.05,600,30,False,False,"[4.5, 6, 0, 3.5, 2.5, 5, 3.5, 6, 2, 4, 5.5, 1, 6, 3.5, 2, 5.5, 3.8, 5.7, 3.3, 0, 4.2, 0.5, 1.2, 3.2, 0, 5.7, 2.5, 6.2, 1.8, 4.3, 5.8, 1.2, 6.5, 3.4, 2.6, 5.6, 0.9, 0, 3.4, 0]",10,6,circular,0.005975273939279409,0.012324810028076172,5.2,5
2026-03-14_23-21-26,0.05,600,30,False,False,"[4.5, 6, 0, 3.5, 2.5, 5, 3.5, 6, 2, 4, 5.5, 1, 6, 3.5, 2, 5.5, 3.8, 5.7, 3.3, 0, 4.2, 0.5, 1.2, 3.2, 0, 5.7, 2.5, 6.2, 1.8, 4.3, 5.8, 1.2, 6.5, 3.4, 2.6, 5.6, 0.9, 0, 3.4, 0]",10,6,circular,0.0059699442906257436,0.013661384582519531,5.2,3
2026-03-14_23-22-03,0.05,600,30,False,False,"[4.5, 6, 0, 3.5, 2.5, 5, 3.5, 6, 2, 4, 5.5, 1, 6, 3.5, 2, 5.5, 3.8, 5.7, 3.3, 0, 4.2, 0.5, 1.2, 3.2, 0, 5.7, 2.5, 6.2, 1.8, 4.3, 5.8, 1.2, 6.5, 3.4, 2.6, 5.6, 0.9, 0, 3.4, 0]",10,6,circular,0.005937262223317073,0.012346744537353516,5.2,1
2026-03-14_23-22-40,0.05,600,30,False,False,"[4.5, 6, 0, 3.5, 2.5, 5, 3.5, 6, 2, 4, 5.5, 1, 6, 3.5, 2, 5.5, 3.8, 5.7, 3.3, 0, 4.2, 0.5, 1.2, 3.2, 0, 5.7, 2.5, 6.2, 1.8, 4.3, 5.8, 1.2, 6.5, 3.4, 2.6, 5.6, 0.9, 0, 3.4, 0]",15,6,circular,0.006927190003571687,0.016358137130737305,4.95,20
2026-03-14_23-23-17,0.05,600,30,False,False,"[4.5, 6, 0, 3.5, 2.5, 5, 3.5, 6, 2, 4, 5.5, 1, 6, 3.5, 2, 5.5, 3.8, 5.7, 3.3, 0, 4.2, 0.5, 1.2, 3.2, 0, 5.7, 2.5, 6.2, 1.8, 4.3, 5.8, 1.2, 6.5, 3.4, 2.6, 5.6, 0.9, 0, 3.4, 0]",15,6,circular,0.006877625028693716,0.01945209503173828,4.95,5
2026-03-14_23-23-54,0.05,600,30,False,False,"[4.5, 6, 0, 3.5, 2.5, 5, 3.5, 6, 2, 4, 5.5, 1, 6, 3.5, 2, 5.5, 3.8, 5.7, 3.3, 0, 4.2, 0.5, 1.2, 3.2, 0, 5.7, 2.5, 6.2, 1.8, 4.3, 5.8, 1.2, 6.5, 3.4, 2.6, 5.6, 0.9, 0, 3.4, 0]",15,6,circular,0.006830355133673157,0.014984846115112305,4.95,3
2026-03-14_23-24-30,0.05,600,30,False,False,"[4.5, 6, 0, 3.5, 2.5, 5, 3.5, 6, 2, 4, 5.5, 1, 6, 3.5, 2, 5.5, 3.8, 5.7, 3.3, 0, 4.2, 0.5, 1.2, 3.2, 0, 5.7, 2.5, 6.2, 1.8, 4.3, 5.8, 1.2, 6.5, 3.4, 2.6, 5.6, 0.9, 0, 3.4, 0]",15,6,circular,0.006811767716199059,0.014660835266113281,4.95,1
2026-03-14_23-25-06,0.05,600,30,False,False,"[4.5, 6, 0, 3.5, 2.5, 5, 3.5, 6, 2, 4, 5.5, 1, 6, 3.5, 2, 5.5, 3.8, 5.7, 3.3, 0, 4.2, 0.5, 1.2, 3.2, 0, 5.7, 2.5, 6.2, 1.8, 4.3, 5.8, 1.2, 6.5, 3.4, 2.6, 5.6, 0.9, 0, 3.4, 0]",20,6,circular,0.007660208062993156,0.016432523727416992,4.800000000000001,20
2026-03-14_23-25-43,0.05,600,30,False,False,"[4.5, 6, 0, 3.5, 2.5, 5, 3.5, 6, 2, 4, 5.5, 1, 6, 3.5, 2, 5.5, 3.8, 5.7, 3.3, 0, 4.2, 0.5, 1.2, 3.2, 0, 5.7, 2.5, 6.2, 1.8, 4.3, 5.8, 1.2, 6.5, 3.4, 2.6, 5.6, 0.9, 0, 3.4, 0]",20,6,circular,0.00761912970079316,0.016355514526367188,4.800000000000001,5
2026-03-14_23-26-19,0.05,600,30,False,False,"[4.5, 6, 0, 3.5, 2.5, 5, 3.5, 6, 2, 4, 5.5, 1, 6, 3.5, 2, 5.5, 3.8, 5.7, 3.3, 0, 4.2, 0.5, 1.2, 3.2, 0, 5.7, 2.5, 6.2, 1.8, 4.3, 5.8, 1.2, 6.5, 3.4, 2.6, 5.6, 0.9, 0, 3.4, 0]",20,6,circular,0.007600186599625481,0.01612567901611328,4.800000000000001,3
2026-03-14_23-26-55,0.05,600,30,False,False,"[4.5, 6, 0, 3.5, 2.5, 5, 3.5, 6, 2, 4, 5.5, 1, 6, 3.5, 2, 5.5, 3.8, 5.7, 3.3, 0, 4.2, 0.5, 1.2, 3.2, 0, 5.7, 2.5, 6.2, 1.8, 4.3, 5.8, 1.2, 6.5, 3.4, 2.6, 5.6, 0.9, 0, 3.4, 0]",20,6,circular,0.007652336524592506,0.016829729080200195,4.800000000000001,1
2026-03-14_23-27-32,0.05,600,30,False,False,"[4.5, 6, 0, 3.5, 2.5, 5, 3.5, 6, 2, 4, 5.5, 1, 6, 3.5, 2, 5.5, 3.8, 5.7, 3.3, 0, 4.2, 0.5, 1.2, 3.2, 0, 5.7, 2.5, 6.2, 1.8, 4.3, 5.8, 1.2, 6.5, 3.4, 2.6, 5.6, 0.9, 0, 3.4, 0]",25,6,circular,0.008418942596895474,0.018761873245239258,4.7,20
2026-03-14_23-28-08,0.05,600,30,False,False,"[4.5, 6, 0, 3.5, 2.5, 5, 3.5, 6, 2, 4, 5.5, 1, 6, 3.5, 2, 5.5, 3.8, 5.7, 3.3, 0, 4.2, 0.5, 1.2, 3.2, 0, 5.7, 2.5, 6.2, 1.8, 4.3, 5.8, 1.2, 6.5, 3.4, 2.6, 5.6, 0.9, 0, 3.4, 0]",25,6,circular,0.008438035951438525,0.01814579963684082,4.7,5
2026-03-14_23-28-44,0.05,600,30,False,False,"[4.5, 6, 0, 3.5, 2.5, 5, 3.5, 6, 2, 4, 5.5, 1, 6, 3.5, 2, 5.5, 3.8, 5.7, 3.3, 0, 4.2, 0.5, 1.2, 3.2, 0, 5.7, 2.5, 6.2, 1.8, 4.3, 5.8, 1.2, 6.5, 3.4, 2.6, 5.6, 0.9, 0, 3.4, 0]",25,6,circular,0.008408123297048799,0.019789695739746094,4.7,3
2026-03-14_23-29-20,0.05,600,30,False,False,"[4.5, 6, 0, 3.5, 2.5, 5, 3.5, 6, 2, 4, 5.5, 1, 6, 3.5, 2, 5.5, 3.8, 5.7, 3.3, 0, 4.2, 0.5, 1.2, 3.2, 0, 5.7, 2.5, 6.2, 1.8, 4.3, 5.8, 1.2, 6.5, 3.4, 2.6, 5.6, 0.9, 0, 3.4, 0]",25,6,circular,0.008303816859603774,0.01849985122680664,4.7,1
2026-03-14_23-32-40,0.05,600,30,False,False,"[4.5, 6, 0, 3.5, 2.5, 5, 3.5, 6, 2, 4, 5.5, 1, 6, 3.5, 2, 5.5, 3.8, 5.7, 3.3, 0, 4.2, 0.5, 1.2, 3.2, 0, 5.7, 2.5, 6.2, 1.8, 4.3, 5.8, 1.2, 6.5, 3.4, 2.6, 5.6, 0.9, 0, 3.4, 0]",1,10,circular,0.004050185308174745,0.008595705032348633,11.850000000000001,20
2026-03-14_23-36-00,0.05,600,30,False,False,"[4.5, 6, 0, 3.5, 2.5, 5, 3.5, 6, 2, 4, 5.5, 1, 6, 3.5, 2, 5.5, 3.8, 5.7, 3.3, 0, 4.2, 0.5, 1.2, 3.2, 0, 5.7, 2.5, 6.2, 1.8, 4.3, 5.8, 1.2, 6.5, 3.4, 2.6, 5.6, 0.9, 0, 3.4, 0]",1,10,circular,0.004054361154258503,0.008127927780151367,11.850000000000001,5
2026-03-14_23-39-21,0.05,600,30,False,False,"[4.5, 6, 0, 3.5, 2.5, 5, 3.5, 6, 2, 4, 5.5, 1, 6, 3.5, 2, 5.5, 3.8, 5.7, 3.3, 0, 4.2, 0.5, 1.2, 3.2, 0, 5.7, 2.5, 6.2, 1.8, 4.3, 5.8, 1.2, 6.5, 3.4, 2.6, 5.6, 0.9, 0, 3.4, 0]",1,10,circular,0.004142942408469156,0.008122920989990234,11.850000000000001,3
2026-03-14_23-42-42,0.05,600,30,False,False,"[4.5, 6, 0, 3.5, 2.5, 5, 3.5, 6, 2, 4, 5.5, 1, 6, 3.5, 2, 5.5, 3.8, 5.7, 3.3, 0, 4.2, 0.5, 1.2, 3.2, 0, 5.7, 2.5, 6.2, 1.8, 4.3, 5.8, 1.2, 6.5, 3.4, 2.6, 5.6, 0.9, 0, 3.4, 0]",1,10,circular,0.004132374027107336,0.008562326431274414,11.850000000000001,1
2026-03-14_23-44-53,0.05,600,30,False,False,"[4.5, 6, 0, 3.5, 2.5, 5, 3.5, 6, 2, 4, 5.5, 1, 6, 3.5, 2, 5.5, 3.8, 5.7, 3.3, 0, 4.2, 0.5, 1.2, 3.2, 0, 5.7, 2.5, 6.2, 1.8, 4.3, 5.8, 1.2, 6.5, 3.4, 2.6, 5.6, 0.9, 0, 3.4, 0]",2,10,circular,0.00438483634026222,0.010561227798461914,7.65,20
2026-03-14_23-47-02,0.05,600,30,False,False,"[4.5, 6, 0, 3.5, 2.5, 5, 3.5, 6, 2, 4, 5.5, 1, 6, 3.5, 2, 5.5, 3.8, 5.7, 3.3, 0, 4.2, 0.5, 1.2, 3.2, 0, 5.7, 2.5, 6.2, 1.8, 4.3, 5.8, 1.2, 6.5, 3.4, 2.6, 5.6, 0.9, 0, 3.4, 0]",2,10,circular,0.0043615297554365174,0.009292364120483398,7.65,5
2026-03-14_23-49-14,0.05,600,30,False,False,"[4.5, 6, 0, 3.5, 2.5, 5, 3.5, 6, 2, 4, 5.5, 1, 6, 3.5, 2, 5.5, 3.8, 5.7, 3.3, 0, 4.2, 0.5, 1.2, 3.2, 0, 5.7, 2.5, 6.2, 1.8, 4.3, 5.8, 1.2, 6.5, 3.4, 2.6, 5.6, 0.9, 0, 3.4, 0]",2,10,circular,0.004375537080702439,0.012813568115234375,7.65,3
2026-03-14_23-51-25,0.05,600,30,False,False,"[4.5, 6, 0, 3.5, 2.5, 5, 3.5, 6, 2, 4, 5.5, 1, 6, 3.5, 2, 5.5, 3.8, 5.7, 3.3, 0, 4.2, 0.5, 1.2, 3.2, 0, 5.7, 2.5, 6.2, 1.8, 4.3, 5.8, 1.2, 6.5, 3.4, 2.6, 5.6, 0.9, 0, 3.4, 0]",2,10,circular,0.004381277826097277,0.009492874145507812,7.65,1
2026-03-14_23-53-20,0.05,600,30,False,False,"[4.5, 6, 0, 3.5, 2.5, 5, 3.5, 6, 2, 4, 5.5, 1, 6, 3.5, 2, 5.5, 3.8, 5.7, 3.3, 0, 4.2, 0.5, 1.2, 3.2, 0, 5.7, 2.5, 6.2, 1.8, 4.3, 5.8, 1.2, 6.5, 3.4, 2.6, 5.6, 0.9, 0, 3.4, 0]",3,10,circular,0.0046686147575947775,0.014091730117797852,6.7,20
2026-03-14_23-55-16,0.05,600,30,False,False,"[4.5, 6, 0, 3.5, 2.5, 5, 3.5, 6, 2, 4, 5.5, 1, 6, 3.5, 2, 5.5, 3.8, 5.7, 3.3, 0, 4.2, 0.5, 1.2, 3.2, 0, 5.7, 2.5, 6.2, 1.8, 4.3, 5.8, 1.2, 6.5, 3.4, 2.6, 5.6, 0.9, 0, 3.4, 0]",3,10,circular,0.0046414903740384685,0.010097026824951172,6.7,5
2026-03-14_23-57-13,0.05,600,30,False,False,"[4.5, 6, 0, 3.5, 2.5, 5, 3.5, 6, 2, 4, 5.5, 1, 6, 3.5, 2, 5.5, 3.8, 5.7, 3.3, 0, 4.2, 0.5, 1.2, 3.2, 0, 5.7, 2.5, 6.2, 1.8, 4.3, 5.8, 1.2, 6.5, 3.4, 2.6, 5.6, 0.9, 0, 3.4, 0]",3,10,circular,0.004674768981648915,0.010400056838989258,6.7,3
2026-03-14_23-59-11,0.05,600,30,False,False,"[4.5, 6, 0, 3.5, 2.5, 5, 3.5, 6, 2, 4, 5.5, 1, 6, 3.5, 2, 5.5, 3.8, 5.7, 3.3, 0, 4.2, 0.5, 1.2, 3.2, 0, 5.7, 2.5, 6.2, 1.8, 4.3, 5.8, 1.2, 6.5, 3.4, 2.6, 5.6, 0.9, 0, 3.4, 0]",3,10,circular,0.004829914356345561,0.016812801361083984,6.7,1
2026-03-15_00-00-59,0.05,600,30,False,False,"[4.5, 6, 0, 3.5, 2.5, 5, 3.5, 6, 2, 4, 5.5, 1, 6, 3.5, 2, 5.5, 3.8, 5.7, 3.3, 0, 4.2, 0.5, 1.2, 3.2, 0, 5.7, 2.5, 6.2, 1.8, 4.3, 5.8, 1.2, 6.5, 3.4, 2.6, 5.6, 0.9, 0, 3.4, 0]",4,10,circular,0.005008922165971461,0.011760950088500977,6.15,20
2026-03-15_00-02-48,0.05,600,30,False,False,"[4.5, 6, 0, 3.5, 2.5, 5, 3.5, 6, 2, 4, 5.5, 1, 6, 3.5, 2, 5.5, 3.8, 5.7, 3.3, 0, 4.2, 0.5, 1.2, 3.2, 0, 5.7, 2.5, 6.2, 1.8, 4.3, 5.8, 1.2, 6.5, 3.4, 2.6, 5.6, 0.9, 0, 3.4, 0]",4,10,circular,0.005017815760480679,0.011782169342041016,6.15,5
2026-03-15_00-04-36,0.05,600,30,False,False,"[4.5, 6, 0, 3.5, 2.5, 5, 3.5, 6, 2, 4, 5.5, 1, 6, 3.5, 2, 5.5, 3.8, 5.7, 3.3, 0, 4.2, 0.5, 1.2, 3.2, 0, 5.7, 2.5, 6.2, 1.8, 4.3, 5.8, 1.2, 6.5, 3.4, 2.6, 5.6, 0.9, 0, 3.4, 0]",4,10,circular,0.005010016177727924,0.010771512985229492,6.15,3
2026-03-15_00-06-24,0.05,600,30,False,False,"[4.5, 6, 0, 3.5, 2.5, 5, 3.5, 6, 2, 4, 5.5, 1, 6, 3.5, 2, 5.5, 3.8, 5.7, 3.3, 0, 4.2, 0.5, 1.2, 3.2, 0, 5.7, 2.5, 6.2, 1.8, 4.3, 5.8, 1.2, 6.5, 3.4, 2.6, 5.6, 0.9, 0, 3.4, 0]",4,10,circular,0.005008370508023394,0.010455608367919922,6.15,1
2026-03-15_00-08-05,0.05,600,30,False,False,"[4.5, 6, 0, 3.5, 2.5, 5, 3.5, 6, 2, 4, 5.5, 1, 6, 3.5, 2, 5.5, 3.8, 5.7, 3.3, 0, 4.2, 0.5, 1.2, 3.2, 0, 5.7, 2.5, 6.2, 1.8, 4.3, 5.8, 1.2, 6.5, 3.4, 2.6, 5.6, 0.9, 0, 3.4, 0]",5,10,circular,0.005289509212761594,0.01354074478149414,5.7,20
2026-03-15_00-09-45,0.05,600,30,False,False,"[4.5, 6, 0, 3.5, 2.5, 5, 3.5, 6, 2, 4, 5.5, 1, 6, 3.5, 2, 5.5, 3.8, 5.7, 3.3, 0, 4.2, 0.5, 1.2, 3.2, 0, 5.7, 2.5, 6.2, 1.8, 4.3, 5.8, 1.2, 6.5, 3.4, 2.6, 5.6, 0.9, 0, 3.4, 0]",5,10,circular,0.005258120988544665,0.01076054573059082,5.7,5
2026-03-15_00-11-26,0.05,600,30,False,False,"[4.5, 6, 0, 3.5, 2.5, 5, 3.5, 6, 2, 4, 5.5, 1, 6, 3.5, 2, 5.5, 3.8, 5.7, 3.3, 0, 4.2, 0.5, 1.2, 3.2, 0, 5.7, 2.5, 6.2, 1.8, 4.3, 5.8, 1.2, 6.5, 3.4, 2.6, 5.6, 0.9, 0, 3.4, 0]",5,10,circular,0.005291662718120374,0.016873598098754883,5.7,3
2026-03-15_00-13-07,0.05,600,30,False,False,"[4.5, 6, 0, 3.5, 2.5, 5, 3.5, 6, 2, 4, 5.5, 1, 6, 3.5, 2, 5.5, 3.8, 5.7, 3.3, 0, 4.2, 0.5, 1.2, 3.2, 0, 5.7, 2.5, 6.2, 1.8, 4.3, 5.8, 1.2, 6.5, 3.4, 2.6, 5.6, 0.9, 0, 3.4, 0]",5,10,circular,0.005213865899203116,0.016518831253051758,5.7,1
2026-03-15_00-14-36,0.05,600,30,False,False,"[4.5, 6, 0, 3.5, 2.5, 5, 3.5, 6, 2, 4, 5.5, 1, 6, 3.5, 2, 5.5, 3.8, 5.7, 3.3, 0, 4.2, 0.5, 1.2, 3.2, 0, 5.7, 2.5, 6.2, 1.8, 4.3, 5.8, 1.2, 6.5, 3.4, 2.6, 5.6, 0.9, 0, 3.4, 0]",10,10,circular,0.006318091849486033,0.015953779220581055,4.800000000000001,20
2026-03-15_00-16-03,0.05,600,30,False,False,"[4.5, 6, 0, 3.5, 2.5, 5, 3.5, 6, 2, 4, 5.5, 1, 6, 3.5, 2, 5.5, 3.8, 5.7, 3.3, 0, 4.2, 0.5, 1.2, 3.2, 0, 5.7, 2.5, 6.2, 1.8, 4.3, 5.8, 1.2, 6.5, 3.4, 2.6, 5.6, 0.9, 0, 3.4, 0]",10,10,circular,0.006324511021375656,0.013252496719360352,4.800000000000001,5
2026-03-15_00-17-31,0.05,600,30,False,False,"[4.5, 6, 0, 3.5, 2.5, 5, 3.5, 6, 2, 4, 5.5, 1, 6, 3.5, 2, 5.5, 3.8, 5.7, 3.3, 0, 4.2, 0.5, 1.2, 3.2, 0, 5.7, 2.5, 6.2, 1.8, 4.3, 5.8, 1.2, 6.5, 3.4, 2.6, 5.6, 0.9, 0, 3.4, 0]",10,10,circular,0.006373352309068044,0.013907909393310547,4.800000000000001,3
2026-03-15_00-18-58,0.05,600,30,False,False,"[4.5, 6, 0, 3.5, 2.5, 5, 3.5, 6, 2, 4, 5.5, 1, 6, 3.5, 2, 5.5, 3.8, 5.7, 3.3, 0, 4.2, 0.5, 1.2, 3.2, 0, 5.7, 2.5, 6.2, 1.8, 4.3, 5.8, 1.2, 6.5, 3.4, 2.6, 5.6, 0.9, 0, 3.4, 0]",10,10,circular,0.006352179000775019,0.01836085319519043,4.800000000000001,1
2026-03-15_00-20-35,0.05,600,30,False,False,"[4.5, 6, 0, 3.5, 2.5, 5, 3.5, 6, 2, 4, 5.5, 1, 6, 3.5, 2, 5.5, 3.8, 5.7, 3.3, 0, 4.2, 0.5, 1.2, 3.2, 0, 5.7, 2.5, 6.2, 1.8, 4.3, 5.8, 1.2, 6.5, 3.4, 2.6, 5.6, 0.9, 0, 3.4, 0]",15,10,circular,0.007370022667778863,0.016635894775390625,4.5,20
2026-03-15_00-21-59,0.05,600,30,False,False,"[4.5, 6, 0, 3.5, 2.5, 5, 3.5, 6, 2, 4, 5.5, 1, 6, 3.5, 2, 5.5, 3.8, 5.7, 3.3, 0, 4.2, 0.5, 1.2, 3.2, 0, 5.7, 2.5, 6.2, 1.8, 4.3, 5.8, 1.2, 6.5, 3.4, 2.6, 5.6, 0.9, 0, 3.4, 0]",15,10,circular,0.007293234136369493,0.016765594482421875,4.5,5
2026-03-15_00-23-24,0.05,600,30,False,False,"[4.5, 6, 0, 3.5, 2.5, 5, 3.5, 6, 2, 4, 5.5, 1, 6, 3.5, 2, 5.5, 3.8, 5.7, 3.3, 0, 4.2, 0.5, 1.2, 3.2, 0, 5.7, 2.5, 6.2, 1.8, 4.3, 5.8, 1.2, 6.5, 3.4, 2.6, 5.6, 0.9, 0, 3.4, 0]",15,10,circular,0.007308677832285563,0.01626110076904297,4.5,3
2026-03-15_00-24-48,0.05,600,30,False,False,"[4.5, 6, 0, 3.5, 2.5, 5, 3.5, 6, 2, 4, 5.5, 1, 6, 3.5, 2, 5.5, 3.8, 5.7, 3.3, 0, 4.2, 0.5, 1.2, 3.2, 0, 5.7, 2.5, 6.2, 1.8, 4.3, 5.8, 1.2, 6.5, 3.4, 2.6, 5.6, 0.9, 0, 3.4, 0]",15,10,circular,0.007286227279239231,0.015476465225219727,4.5,1
2026-03-15_00-26-11,0.05,600,30,False,False,"[4.5, 6, 0, 3.5, 2.5, 5, 3.5, 6, 2, 4, 5.5, 1, 6, 3.5, 2, 5.5, 3.8, 5.7, 3.3, 0, 4.2, 0.5, 1.2, 3.2, 0, 5.7, 2.5, 6.2, 1.8, 4.3, 5.8, 1.2, 6.5, 3.4, 2.6, 5.6, 0.9, 0, 3.4, 0]",20,10,circular,0.008198687642119652,0.017937183380126953,4.3,20
2026-03-15_00-27-33,0.05,600,30,False,False,"[4.5, 6, 0, 3.5, 2.5, 5, 3.5, 6, 2, 4, 5.5, 1, 6, 3.5, 2, 5.5, 3.8, 5.7, 3.3, 0, 4.2, 0.5, 1.2, 3.2, 0, 5.7, 2.5, 6.2, 1.8, 4.3, 5.8, 1.2, 6.5, 3.4, 2.6, 5.6, 0.9, 0, 3.4, 0]",20,10,circular,0.008209638540134874,0.018490076065063477,4.3,5
2026-03-15_00-28-56,0.05,600,30,False,False,"[4.5, 6, 0, 3.5, 2.5, 5, 3.5, 6, 2, 4, 5.5, 1, 6, 3.5, 2, 5.5, 3.8, 5.7, 3.3, 0, 4.2, 0.5, 1.2, 3.2, 0, 5.7, 2.5, 6.2, 1.8, 4.3, 5.8, 1.2, 6.5, 3.4, 2.6, 5.6, 0.9, 0, 3.4, 0]",20,10,circular,0.008215847680735034,0.0175325870513916,4.3,3
2026-03-15_00-30-18,0.05,600,30,False,False,"[4.5, 6, 0, 3.5, 2.5, 5, 3.5, 6, 2, 4, 5.5, 1, 6, 3.5, 2, 5.5, 3.8, 5.7, 3.3, 0, 4.2, 0.5, 1.2, 3.2, 0, 5.7, 2.5, 6.2, 1.8, 4.3, 5.8, 1.2, 6.5, 3.4, 2.6, 5.6, 0.9, 0, 3.4, 0]",20,10,circular,0.008233843847762707,0.018756628036499023,4.3,1
2026-03-15_00-31-33,0.05,600,30,False,False,"[4.5, 6, 0, 3.5, 2.5, 5, 3.5, 6, 2, 4, 5.5, 1, 6, 3.5, 2, 5.5, 3.8, 5.7, 3.3, 0, 4.2, 0.5, 1.2, 3.2, 0, 5.7, 2.5, 6.2, 1.8, 4.3, 5.8, 1.2, 6.5, 3.4, 2.6, 5.6, 0.9, 0, 3.4, 0]",25,10,circular,0.009299174308776855,0.02176189422607422,3.75,20
2026-03-15_00-32-49,0.05,600,30,False,False,"[4.5, 6, 0, 3.5, 2.5, 5, 3.5, 6, 2, 4, 5.5, 1, 6, 3.5, 2, 5.5, 3.8, 5.7, 3.3, 0, 4.2, 0.5, 1.2, 3.2, 0, 5.7, 2.5, 6.2, 1.8, 4.3, 5.8, 1.2, 6.5, 3.4, 2.6, 5.6, 0.9, 0, 3.4, 0]",25,10,circular,0.009341209729512533,0.021770238876342773,3.75,5
2026-03-15_00-34-04,0.05,600,30,False,False,"[4.5, 6, 0, 3.5, 2.5, 5, 3.5, 6, 2, 4, 5.5, 1, 6, 3.5, 2, 5.5, 3.8, 5.7, 3.3, 0, 4.2, 0.5, 1.2, 3.2, 0, 5.7, 2.5, 6.2, 1.8, 4.3, 5.8, 1.2, 6.5, 3.4, 2.6, 5.6, 0.9, 0, 3.4, 0]",25,10,circular,0.009394370714823404,0.020914793014526367,3.75,3
2026-03-15_00-35-18,0.05,600,30,False,False,"[4.5, 6, 0, 3.5, 2.5, 5, 3.5, 6, 2, 4, 5.5, 1, 6, 3.5, 2, 5.5, 3.8, 5.7, 3.3, 0, 4.2, 0.5, 1.2, 3.2, 0, 5.7, 2.5, 6.2, 1.8, 4.3, 5.8, 1.2, 6.5, 3.4, 2.6, 5.6, 0.9, 0, 3.4, 0]",25,10,circular,0.009316176096598308,0.019935131072998047,3.75,1
2026-03-15_00-40-48,0.05,600,30,False,False,"[4.5, 6, 0, 3.5, 2.5, 5, 3.5, 6, 2, 4, 5.5, 1, 6, 3.5, 2, 5.5, 3.8, 5.7, 3.3, 0, 4.2, 0.5, 1.2, 3.2, 0, 5.7, 2.5, 6.2, 1.8, 4.3, 5.8, 1.2, 6.5, 3.4, 2.6, 5.6, 0.9, 0, 3.4, 0]",1,12,circular,0.004244011176473613,0.013230085372924805,13.700000000000001,20
2026-03-15_00-46-17,0.05,600,30,False,False,"[4.5, 6, 0, 3.5, 2.5, 5, 3.5, 6, 2, 4, 5.5, 1, 6, 3.5, 2, 5.5, 3.8, 5.7, 3.3, 0, 4.2, 0.5, 1.2, 3.2, 0, 5.7, 2.5, 6.2, 1.8, 4.3, 5.8, 1.2, 6.5, 3.4, 2.6, 5.6, 0.9, 0, 3.4, 0]",1,12,circular,0.004237489108621639,0.010285615921020508,13.700000000000001,5
2026-03-15_00-51-47,0.05,600,30,False,False,"[4.5, 6, 0, 3.5, 2.5, 5, 3.5, 6, 2, 4, 5.5, 1, 6, 3.5, 2, 5.5, 3.8, 5.7, 3.3, 0, 4.2, 0.5, 1.2, 3.2, 0, 5.7, 2.5, 6.2, 1.8, 4.3, 5.8, 1.2, 6.5, 3.4, 2.6, 5.6, 0.9, 0, 3.4, 0]",1,12,circular,0.00424756164098308,0.008945703506469727,13.700000000000001,3
2026-03-15_00-57-17,0.05,600,30,False,False,"[4.5, 6, 0, 3.5, 2.5, 5, 3.5, 6, 2, 4, 5.5, 1, 6, 3.5, 2, 5.5, 3.8, 5.7, 3.3, 0, 4.2, 0.5, 1.2, 3.2, 0, 5.7, 2.5, 6.2, 1.8, 4.3, 5.8, 1.2, 6.5, 3.4, 2.6, 5.6, 0.9, 0, 3.4, 0]",1,12,circular,0.004254202773101138,0.012757062911987305,13.700000000000001,1
2026-03-15_01-00-37,0.05,600,30,False,False,"[4.5, 6, 0, 3.5, 2.5, 5, 3.5, 6, 2, 4, 5.5, 1, 6, 3.5, 2, 5.5, 3.8, 5.7, 3.3, 0, 4.2, 0.5, 1.2, 3.2, 0, 5.7, 2.5, 6.2, 1.8, 4.3, 5.8, 1.2, 6.5, 3.4, 2.6, 5.6, 0.9, 0, 3.4, 0]",2,12,circular,0.0045422971006331405,0.010087251663208008,8.200000000000001,20
2026-03-15_01-03-56,0.05,600,30,False,False,"[4.5, 6, 0, 3.5, 2.5, 5, 3.5, 6, 2, 4, 5.5, 1, 6, 3.5, 2, 5.5, 3.8, 5.7, 3.3, 0, 4.2, 0.5, 1.2, 3.2, 0, 5.7, 2.5, 6.2, 1.8, 4.3, 5.8, 1.2, 6.5, 3.4, 2.6, 5.6, 0.9, 0, 3.4, 0]",2,12,circular,0.004547448419943088,0.009439945220947266,8.200000000000001,5
2026-03-15_01-07-15,0.05,600,30,False,False,"[4.5, 6, 0, 3.5, 2.5, 5, 3.5, 6, 2, 4, 5.5, 1, 6, 3.5, 2, 5.5, 3.8, 5.7, 3.3, 0, 4.2, 0.5, 1.2, 3.2, 0, 5.7, 2.5, 6.2, 1.8, 4.3, 5.8, 1.2, 6.5, 3.4, 2.6, 5.6, 0.9, 0, 3.4, 0]",2,12,circular,0.0045099871429970595,0.009409666061401367,8.200000000000001,3
2026-03-15_01-10-34,0.05,600,30,False,False,"[4.5, 6, 0, 3.5, 2.5, 5, 3.5, 6, 2, 4, 5.5, 1, 6, 3.5, 2, 5.5, 3.8, 5.7, 3.3, 0, 4.2, 0.5, 1.2, 3.2, 0, 5.7, 2.5, 6.2, 1.8, 4.3, 5.8, 1.2, 6.5, 3.4, 2.6, 5.6, 0.9, 0, 3.4, 0]",2,12,circular,0.004491737824145372,0.010671854019165039,8.200000000000001,1
2026-03-15_01-13-14,0.05,600,30,False,False,"[4.5, 6, 0, 3.5, 2.5, 5, 3.5, 6, 2, 4, 5.5, 1, 6, 3.5, 2, 5.5, 3.8, 5.7, 3.3, 0, 4.2, 0.5, 1.2, 3.2, 0, 5.7, 2.5, 6.2, 1.8, 4.3, 5.8, 1.2, 6.5, 3.4, 2.6, 5.6, 0.9, 0, 3.4, 0]",3,12,circular,0.004798027546957856,0.011015176773071289,6.550000000000001,20
2026-03-15_01-15-54,0.05,600,30,False,False,"[4.5, 6, 0, 3.5, 2.5, 5, 3.5, 6, 2, 4, 5.5, 1, 6, 3.5, 2, 5.5, 3.8, 5.7, 3.3, 0, 4.2, 0.5, 1.2, 3.2, 0, 5.7, 2.5, 6.2, 1.8, 4.3, 5.8, 1.2, 6.5, 3.4, 2.6, 5.6, 0.9, 0, 3.4, 0]",3,12,circular,0.004784310288708325,0.013743162155151367,6.550000000000001,5
2026-03-15_01-18-34,0.05,600,30,False,False,"[4.5, 6, 0, 3.5, 2.5, 5, 3.5, 6, 2, 4, 5.5, 1, 6, 3.5, 2, 5.5, 3.8, 5.7, 3.3, 0, 4.2, 0.5, 1.2, 3.2, 0, 5.7, 2.5, 6.2, 1.8, 4.3, 5.8, 1.2, 6.5, 3.4, 2.6, 5.6, 0.9, 0, 3.4, 0]",3,12,circular,0.004763370555169103,0.011107921600341797,6.550000000000001,3
2026-03-15_01-21-16,0.05,600,30,False,False,"[4.5, 6, 0, 3.5, 2.5, 5, 3.5, 6, 2, 4, 5.5, 1, 6, 3.5, 2, 5.5, 3.8, 5.7, 3.3, 0, 4.2, 0.5, 1.2, 3.2, 0, 5.7, 2.5, 6.2, 1.8, 4.3, 5.8, 1.2, 6.5, 3.4, 2.6, 5.6, 0.9, 0, 3.4, 0]",3,12,circular,0.0048482167811794135,0.014997005462646484,6.550000000000001,1
2026-03-15_01-23-39,0.05,600,30,False,False,"[4.5, 6, 0, 3.5, 2.5, 5, 3.5, 6, 2, 4, 5.5, 1, 6, 3.5, 2, 5.5, 3.8, 5.7, 3.3, 0, 4.2, 0.5, 1.2, 3.2, 0, 5.7, 2.5, 6.2, 1.8, 4.3, 5.8, 1.2, 6.5, 3.4, 2.6, 5.6, 0.9, 0, 3.4, 0]",4,12,circular,0.005120324677434461,0.013749837875366211,5.800000000000001,20
2026-03-15_01-26-02,0.05,600,30,False,False,"[4.5, 6, 0, 3.5, 2.5, 5, 3.5, 6, 2, 4, 5.5, 1, 6, 3.5, 2, 5.5, 3.8, 5.7, 3.3, 0, 4.2, 0.5, 1.2, 3.2, 0, 5.7, 2.5, 6.2, 1.8, 4.3, 5.8, 1.2, 6.5, 3.4, 2.6, 5.6, 0.9, 0, 3.4, 0]",4,12,circular,0.005130934818037625,0.011005163192749023,5.800000000000001,5
2026-03-15_01-28-26,0.05,600,30,False,False,"[4.5, 6, 0, 3.5, 2.5, 5, 3.5, 6, 2, 4, 5.5, 1, 6, 3.5, 2, 5.5, 3.8, 5.7, 3.3, 0, 4.2, 0.5, 1.2, 3.2, 0, 5.7, 2.5, 6.2, 1.8, 4.3, 5.8, 1.2, 6.5, 3.4, 2.6, 5.6, 0.9, 0, 3.4, 0]",4,12,circular,0.005137113147768481,0.009827375411987305,5.800000000000001,3
2026-03-15_01-30-49,0.05,600,30,False,False,"[4.5, 6, 0, 3.5, 2.5, 5, 3.5, 6, 2, 4, 5.5, 1, 6, 3.5, 2, 5.5, 3.8, 5.7, 3.3, 0, 4.2, 0.5, 1.2, 3.2, 0, 5.7, 2.5, 6.2, 1.8, 4.3, 5.8, 1.2, 6.5, 3.4, 2.6, 5.6, 0.9, 0, 3.4, 0]",4,12,circular,0.005122903092154141,0.010650634765625,5.800000000000001,1
2026-03-15_01-33-09,0.05,600,30,False,False,"[4.5, 6, 0, 3.5, 2.5, 5, 3.5, 6, 2, 4, 5.5, 1, 6, 3.5, 2, 5.5, 3.8, 5.7, 3.3, 0, 4.2, 0.5, 1.2, 3.2, 0, 5.7, 2.5, 6.2, 1.8, 4.3, 5.8, 1.2, 6.5, 3.4, 2.6, 5.6, 0.9, 0, 3.4, 0]",5,12,circular,0.005567016608921098,0.015498876571655273,5.4,20
2026-03-15_01-35-29,0.05,600,30,False,False,"[4.5, 6, 0, 3.5, 2.5, 5, 3.5, 6, 2, 4, 5.5, 1, 6, 3.5, 2, 5.5, 3.8, 5.7, 3.3, 0, 4.2, 0.5, 1.2, 3.2, 0, 5.7, 2.5, 6.2, 1.8, 4.3, 5.8, 1.2, 6.5, 3.4, 2.6, 5.6, 0.9, 0, 3.4, 0]",5,12,circular,0.005563501958493833,0.012205362319946289,5.4,5
2026-03-15_01-37-50,0.05,600,30,False,False,"[4.5, 6, 0, 3.5, 2.5, 5, 3.5, 6, 2, 4, 5.5, 1, 6, 3.5, 2, 5.5, 3.8, 5.7, 3.3, 0, 4.2, 0.5, 1.2, 3.2, 0, 5.7, 2.5, 6.2, 1.8, 4.3, 5.8, 1.2, 6.5, 3.4, 2.6, 5.6, 0.9, 0, 3.4, 0]",5,12,circular,0.005562151471773784,0.012861013412475586,5.4,3
2026-03-15_01-40-09,0.05,600,30,False,False,"[4.5, 6, 0, 3.5, 2.5, 5, 3.5, 6, 2, 4, 5.5, 1, 6, 3.5, 2, 5.5, 3.8, 5.7, 3.3, 0, 4.2, 0.5, 1.2, 3.2, 0, 5.7, 2.5, 6.2, 1.8, 4.3, 5.8, 1.2, 6.5, 3.4, 2.6, 5.6, 0.9, 0, 3.4, 0]",5,12,circular,0.0055589589439792395,0.01168060302734375,5.4,1
2026-03-15_01-42-12,0.05,600,30,False,False,"[4.5, 6, 0, 3.5, 2.5, 5, 3.5, 6, 2, 4, 5.5, 1, 6, 3.5, 2, 5.5, 3.8, 5.7, 3.3, 0, 4.2, 0.5, 1.2, 3.2, 0, 5.7, 2.5, 6.2, 1.8, 4.3, 5.8, 1.2, 6.5, 3.4, 2.6, 5.6, 0.9, 0, 3.4, 0]",10,12,circular,0.006785934386046037,0.015902280807495117,4.6000000000000005,20
2026-03-15_01-44-15,0.05,600,30,False,False,"[4.5, 6, 0, 3.5, 2.5, 5, 3.5, 6, 2, 4, 5.5, 1, 6, 3.5, 2, 5.5, 3.8, 5.7, 3.3, 0, 4.2, 0.5, 1.2, 3.2, 0, 5.7, 2.5, 6.2, 1.8, 4.3, 5.8, 1.2, 6.5, 3.4, 2.6, 5.6, 0.9, 0, 3.4, 0]",10,12,circular,0.006818654528562573,0.019570589065551758,4.6000000000000005,5
2026-03-15_01-46-18,0.05,600,30,False,False,"[4.5, 6, 0, 3.5, 2.5, 5, 3.5, 6, 2, 4, 5.5, 1, 6, 3.5, 2, 5.5, 3.8, 5.7, 3.3, 0, 4.2, 0.5, 1.2, 3.2, 0, 5.7, 2.5, 6.2, 1.8, 4.3, 5.8, 1.2, 6.5, 3.4, 2.6, 5.6, 0.9, 0, 3.4, 0]",10,12,circular,0.0068370317635328874,0.014403104782104492,4.6000000000000005,3
2026-03-15_01-48-21,0.05,600,30,False,False,"[4.5, 6, 0, 3.5, 2.5, 5, 3.5, 6, 2, 4, 5.5, 1, 6, 3.5, 2, 5.5, 3.8, 5.7, 3.3, 0, 4.2, 0.5, 1.2, 3.2, 0, 5.7, 2.5, 6.2, 1.8, 4.3, 5.8, 1.2, 6.5, 3.4, 2.6, 5.6, 0.9, 0, 3.4, 0]",10,12,circular,0.0068461709264395895,0.0388035774230957,4.6000000000000005,1
2026-03-15_01-50-20,0.05,600,30,False,False,"[4.5, 6, 0, 3.5, 2.5, 5, 3.5, 6, 2, 4, 5.5, 1, 6, 3.5, 2, 5.5, 3.8, 5.7, 3.3, 0, 4.2, 0.5, 1.2, 3.2, 0, 5.7, 2.5, 6.2, 1.8, 4.3, 5.8, 1.2, 6.5, 3.4, 2.6, 5.6, 0.9, 0, 3.4, 0]",15,12,circular,0.007849923952329205,0.01816105842590332,4.3500000000000005,20
2026-03-15_01-52-19,0.05,600,30,False,False,"[4.5, 6, 0, 3.5, 2.5, 5, 3.5, 6, 2, 4, 5.5, 1, 6, 3.5, 2, 5.5, 3.8, 5.7, 3.3, 0, 4.2, 0.5, 1.2, 3.2, 0, 5.7, 2.5, 6.2, 1.8, 4.3, 5.8, 1.2, 6.5, 3.4, 2.6, 5.6, 0.9, 0, 3.4, 0]",15,12,circular,0.007857671185928287,0.016498565673828125,4.3500000000000005,5
2026-03-15_01-54-18,0.05,600,30,False,False,"[4.5, 6, 0, 3.5, 2.5, 5, 3.5, 6, 2, 4, 5.5, 1, 6, 3.5, 2, 5.5, 3.8, 5.7, 3.3, 0, 4.2, 0.5, 1.2, 3.2, 0, 5.7, 2.5, 6.2, 1.8, 4.3, 5.8, 1.2, 6.5, 3.4, 2.6, 5.6, 0.9, 0, 3.4, 0]",15,12,circular,0.007880408873503235,0.018628597259521484,4.3500000000000005,3
2026-03-15_01-56-17,0.05,600,30,False,False,"[4.5, 6, 0, 3.5, 2.5, 5, 3.5, 6, 2, 4, 5.5, 1, 6, 3.5, 2, 5.5, 3.8, 5.7, 3.3, 0, 4.2, 0.5, 1.2, 3.2, 0, 5.7, 2.5, 6.2, 1.8, 4.3, 5.8, 1.2, 6.5, 3.4, 2.6, 5.6, 0.9, 0, 3.4, 0]",15,12,circular,0.007884872142382508,0.019805908203125,4.3500000000000005,1
2026-03-15_01-58-20,0.05,600,30,False,False,"[4.5, 6, 0, 3.5, 2.5, 5, 3.5, 6, 2, 4, 5.5, 1, 6, 3.5, 2, 5.5, 3.8, 5.7, 3.3, 0, 4.2, 0.5, 1.2, 3.2, 0, 5.7, 2.5, 6.2, 1.8, 4.3, 5.8, 1.2, 6.5, 3.4, 2.6, 5.6, 0.9, 0, 3.4, 0]",20,12,circular,0.008928540480663499,0.019095420837402344,4.15,20
2026-03-15_02-00-19,0.05,600,30,False,False,"[4.5, 6, 0, 3.5, 2.5, 5, 3.5, 6, 2, 4, 5.5, 1, 6, 3.5, 2, 5.5, 3.8, 5.7, 3.3, 0, 4.2, 0.5, 1.2, 3.2, 0, 5.7, 2.5, 6.2, 1.8, 4.3, 5.8, 1.2, 6.5, 3.4, 2.6, 5.6, 0.9, 0, 3.4, 0]",20,12,circular,0.008957885834107915,0.019064664840698242,4.15,5
2026-03-15_02-02-16,0.05,600,30,False,False,"[4.5, 6, 0, 3.5, 2.5, 5, 3.5, 6, 2, 4, 5.5, 1, 6, 3.5, 2, 5.5, 3.8, 5.7, 3.3, 0, 4.2, 0.5, 1.2, 3.2, 0, 5.7, 2.5, 6.2, 1.8, 4.3, 5.8, 1.2, 6.5, 3.4, 2.6, 5.6, 0.9, 0, 3.4, 0]",20,12,circular,0.008923721600727862,0.021181106567382812,4.15,3
2026-03-15_02-04-12,0.05,600,30,False,False,"[4.5, 6, 0, 3.5, 2.5, 5, 3.5, 6, 2, 4, 5.5, 1, 6, 3.5, 2, 5.5, 3.8, 5.7, 3.3, 0, 4.2, 0.5, 1.2, 3.2, 0, 5.7, 2.5, 6.2, 1.8, 4.3, 5.8, 1.2, 6.5, 3.4, 2.6, 5.6, 0.9, 0, 3.4, 0]",20,12,circular,0.008979427048480176,0.030846357345581055,4.15,1
2026-03-15_02-05-58,0.05,600,30,False,False,"[4.5, 6, 0, 3.5, 2.5, 5, 3.5, 6, 2, 4, 5.5, 1, 6, 3.5, 2, 5.5, 3.8, 5.7, 3.3, 0, 4.2, 0.5, 1.2, 3.2, 0, 5.7, 2.5, 6.2, 1.8, 4.3, 5.8, 1.2, 6.5, 3.4, 2.6, 5.6, 0.9, 0, 3.4, 0]",25,12,circular,0.010183352313629568,0.02386307716369629,3.6500000000000004,20
2026-03-15_02-07-45,0.05,600,30,False,False,"[4.5, 6, 0, 3.5, 2.5, 5, 3.5, 6, 2, 4, 5.5, 1, 6, 3.5, 2, 5.5, 3.8, 5.7, 3.3, 0, 4.2, 0.5, 1.2, 3.2, 0, 5.7, 2.5, 6.2, 1.8, 4.3, 5.8, 1.2, 6.5, 3.4, 2.6, 5.6, 0.9, 0, 3.4, 0]",25,12,circular,0.010256556071102891,0.0338590145111084,3.6500000000000004,5
2026-03-15_02-09-35,0.05,600,30,False,False,"[4.5, 6, 0, 3.5, 2.5, 5, 3.5, 6, 2, 4, 5.5, 1, 6, 3.5, 2, 5.5, 3.8, 5.7, 3.3, 0, 4.2, 0.5, 1.2, 3.2, 0, 5.7, 2.5, 6.2, 1.8, 4.3, 5.8, 1.2, 6.5, 3.4, 2.6, 5.6, 0.9, 0, 3.4, 0]",25,12,circular,0.01015747899878515,0.023908376693725586,3.6500000000000004,3
2026-03-15_02-11-21,0.05,600,30,False,False,"[4.5, 6, 0, 3.5, 2.5, 5, 3.5, 6, 2, 4, 5.5, 1, 6, 3.5, 2, 5.5, 3.8, 5.7, 3.3, 0, 4.2, 0.5, 1.2, 3.2, 0, 5.7, 2.5, 6.2, 1.8, 4.3, 5.8, 1.2, 6.5, 3.4, 2.6, 5.6, 0.9, 0, 3.4, 0]",25,12,circular,0.010161837214204274,0.021639585494995117,3.6500000000000004,1
2026-03-15_02-42-05,0.05,600,30,False,False,"[4.5, 6, 0, 3.5, 2.5, 5, 3.5, 6, 2, 4, 5.5, 1, 6, 3.5, 2, 5.5, 3.8, 5.7, 3.3, 0, 4.2, 0.5, 1.2, 3.2, 0, 5.7, 2.5, 6.2, 1.8, 4.3, 5.8, 1.2, 6.5, 3.4, 2.6, 5.6, 0.9, 0, 3.4, 0]",1,15,circular,0.07935764805690662,0.16767191886901855,14.8,20
2026-03-15_06-07-48,0.05,600,30,False,False,"[4.5, 6, 0, 3.5, 2.5, 5, 3.5, 6, 2, 4, 5.5, 1, 6, 3.5, 2, 5.5, 3.8, 5.7, 3.3, 0, 4.2, 0.5, 1.2, 3.2, 0, 5.7, 2.5, 6.2, 1.8, 4.3, 5.8, 1.2, 6.5, 3.4, 2.6, 5.6, 0.9, 0, 3.4, 0]",1,15,circular,0.004044346336845879,0.020217180252075195,14.8,20
2026-03-15_06-16-24,0.05,600,30,False,False,"[4.5, 6, 0, 3.5, 2.5, 5, 3.5, 6, 2, 4, 5.5, 1, 6, 3.5, 2, 5.5, 3.8, 5.7, 3.3, 0, 4.2, 0.5, 1.2, 3.2, 0, 5.7, 2.5, 6.2, 1.8, 4.3, 5.8, 1.2, 6.5, 3.4, 2.6, 5.6, 0.9, 0, 3.4, 0]",1,15,circular,0.003853567602398159,0.012067794799804688,14.8,5
2026-03-15_06-24-58,0.05,600,30,False,False,"[4.5, 6, 0, 3.5, 2.5, 5, 3.5, 6, 2, 4, 5.5, 1, 6, 3.5, 2, 5.5, 3.8, 5.7, 3.3, 0, 4.2, 0.5, 1.2, 3.2, 0, 5.7, 2.5, 6.2, 1.8, 4.3, 5.8, 1.2, 6.5, 3.4, 2.6, 5.6, 0.9, 0, 3.4, 0]",1,15,circular,0.0038760953658335917,0.009490251541137695,14.8,3
2026-03-15_06-33-35,0.05,600,30,False,False,"[4.5, 6, 0, 3.5, 2.5, 5, 3.5, 6, 2, 4, 5.5, 1, 6, 3.5, 2, 5.5, 3.8, 5.7, 3.3, 0, 4.2, 0.5, 1.2, 3.2, 0, 5.7, 2.5, 6.2, 1.8, 4.3, 5.8, 1.2, 6.5, 3.4, 2.6, 5.6, 0.9, 0, 3.4, 0]",1,15,circular,0.003926436858134227,0.010996580123901367,14.8,1
