-0.5923354158118058,1.089344138990069,0.15509163158881004,-1.1838925902180217,-0.28802532936961095,0.8475060272431811
-0.5247703007203831,0.974450123018632,0.20915344209863057,-1.078156731643865,-0.31188100127445817,0.7307116739611008
-0.47919515251974065,0.9037936076295944,0.212583306812369,-1.004709361289856,-0.3024139683813004,0.6692490783493564
-0.43556546143278546,0.8306835315349219,0.21907701472722194,-0.9284732189133436,-0.29443425066079176,0.609595129370676
-0.3933777067823846,0.7613603296206309,0.22644253592786767,-0.8569359225271213,-0.2870584614605764,0.552193894234171
-0.3526853392938997,0.6957180088561845,0.23501445228401865,-0.7900218325255329,-0.2806061475086253,0.4970162142494127
-0.31351583858420945,0.6338178193745583,0.24477457289887164,-0.7278564365917601,-0.27515385036634016,0.4441375052708243
-0.2758948144578489,0.5756355582442414,0.2557263685148543,-0.6704373546380527,-0.2707674731063263,0.39360354631158834
-0.23983739666650122,0.5211015434604513,0.2678930797176374,-0.61769632267302,-0.26750256157433083,0.3454138130104382
-0.2053454606417162,0.4701039766026551,0.28131318837562497,-0.5695209957480281,-0.2653934983391695,0.29953960072659624
-0.17241410081853636,0.42250724922490446,0.2960379138342507,-0.5257554305413888,-0.2644603178275566,0.25592663525194337
-0.14103551061612607,0.3781533835966516,0.31214681129127514,-0.4862290433349352,-0.26472030167841737,0.21448460424198804
-0.11119353409762786,0.3368696161844376,0.32974291799188205,-0.45075266567305045,-0.2661872132346892,0.17509819425644604
-0.08285960155231722,0.2984784340121449,0.3489517984813338,-0.4191246991853865,-0.268871915030491,0.13762823809133654
-0.056001663484655365,0.26278821936706825,0.36991052777037164,-0.39114618759680164,-0.27278334898179923,0.1019232186441796
-0.030585713159961427,0.22960989963832965,0.3927663295748918,-0.3666071304651913,-0.27793255265282923,0.06782214040897197
-0.006574800844863863,0.19876002860686953,0.4176729686432194,-0.3453055904217622,-0.2843264269172908,0.03516294365677764
0.016070189871604648,0.1700563158055095,0.44479285087058534,-0.32705387069859754,-0.2919854756061936,0.003776258222964312
0.03739277888813408,0.14332181309297296,0.474296928602595,-0.31165308063854164,-0.3009383603702424,-0.026519345171128368
0.05743516256838894,0.11838748636788424,1.3081229349290477,-1.0321741558567619,-0.3112066595163583,-0.05592084871094688
0.08789723748399306,0.09743658571091428,1.2805297170244296,-0.9434359926026525,-0.37904929102882673,-0.12990570268826698
0.10727199116790197,0.0782122376805468,1.2401746489640015,-0.8418430017404366,-0.4045648777068191,-0.16817008700951006
0.1250675637005158,0.059186783209692416,1.1980469704451697,-0.7378435570334069,-0.4299553955880059,-0.20446419463112098
0.14136272302983752,0.04122532073195051,1.1563059571178402,-0.6336771263092362,-0.4558818409595542,-0.23997944364781099
0.1562216259498411,0.024161332124703734,1.1150358674861938,-0.5297908588386018,-0.48203037866398823,-0.27471320838488206
0.16966792865597743,0.007818447112371982,1.0740949022020803,-0.4265876326008188,-0.5078766059395393,-0.30851164758486793
0.18172550097526008,-0.007976427863562759,1.0331219139817354,-0.32440947361471656,-0.532819216245072,-0.34114361878791816
0.19242450316397056,-0.023383685586187718,0.9943683261082148,-0.2263630654608409,-0.5561949940166617,-0.3722959755251104
0.2018074974340988,-0.03852654781076333,0.959849233515004,-0.13544218248027987,-0.5772864096634015,-0.4016277841165912
0.2099105820133038,-0.05349697639629853,0.9284346782906228,-0.05164706649726097,-0.5953062301560986,-0.4287517294642347
0.2167684186955501,-0.06837635978570399,0.8397556346568736,0.02504117963042288,-0.6094181674571465,-0.4532185464052316
0.22028556096731963,-0.08536083137908984,0.6217153995302879,0.09263706537087084,-0.6159526958105704,-0.47266053743681313
0.21856833223889957,-0.10640776936897628,0.3957352548123828,0.1495536918898209,-0.6122352287699284,-0.48525560570564136
0.21533668369347198,-0.12781288285941175,0.16131998768518244,0.19959032379526834,-0.6031026073787807,-0.49420903817978573
0.2109116745005769,-0.14921448408679897,2.283277508326e-07,0.24300155808637613,-0.5884372388281647,-0.4995029904600073
0.20546981902536327,-0.17039893188283914,2.199421996349686e-09,0.2801349053951442,-0.8559232768401941,-0.5011360660898865
0.1983405442211861,-0.1940487562038226,1.2647558299325727e-08,0.3033748396728884,-0.7629329972614638,-0.5102120105802044
0.19056923882024057,-0.2153008641542309,-1.8728994702687737e-09,0.32862629686161277,-0.6715405770272493,-0.5045537735181669
0.1825494151017739,-0.23526830520299044,-2.133950857636211e-09,0.3494529714523749,-0.579823508248336,-0.4949131322897736
0.17421078132203044,-0.2539275563969326,-2.407520479583315e-09,0.36600138165566326,-0.4800490374268381,-0.48154655866356955
0.16561549937851128,-0.2710783985455258,-2.7295656391074375e-09,0.37872636824486733,-0.39271621541318097,-0.46448234815609496
0.15691169636167301,-0.2866431033860398,-3.1219612853265e-09,0.3878294537410609,-0.3070511667772171,-0.44440377654001106
0.14823689706666615,-0.30037728529507063,-3.564475989867313e-09,0.3938754260979584,-0.22339256430753707,-0.4214144987701357
0.13966791336434908,-0.312176144271254,6.600170871049404e-08,0.3972578729771534,-0.14198688565813522,-0.3958120798770027
0.13125467519060646,-0.3219945440177026,-7.600377349636747e-08,0.39836668662358077,-0.0630398349358558,-0.3679026529480385
0.12283122704627149,-0.3300229112560373,-6.118360240934814e-09,0.39736149067760346,0.011857937363057122,-0.33802301600235185
0.11466557622029604,-0.33605302308239415,-7.77516837866129e-09,0.39477584628440954,0.08162087181255918,-0.3065139971130154
0.10681210711813031,-0.340069502237305,-8.899378671492252e-09,0.3909242633153045,0.14631994315545527,-0.27366690115469394
0.09908289039702294,-0.34229043174949764,-1.0351185750828845e-08,0.38587596582537753,0.20580386814171805,-0.2398224314655789
0.0916064296722046,-0.34265621967818694,-1.215675807100807e-08,0.3799686198585829,0.2602447706901494,-0.20527113633726643
0.08442374382213967,-0.3412252452937089,-1.4303679312232061e-08,0.37342604579984806,0.3097487513661582,-0.17031257202683878
0.07734025842328165,-0.33831015359016103,-5.97774497400668e-08,0.3662438647580919,0.354228427042635,-0.1353515391657995
0.07053609599787167,-0.33387495080606167,-1.949136860283419e-06,0.3587447490869911,0.39398922488187094,-0.10060655174229172
0.0638678362257395,-0.32819121831178527,-0.058663185152004936,0.35090905422889035,0.4290498687962657,-0.06644468820042408
0.057268124497219866,-0.32146663462591146,-0.13273604223477992,0.34275057103049317,0.45952269360454867,-0.03319917927558463
0.05060699472672987,-0.31396360756944386,-0.20046008350410197,0.33422511381857267,0.48548300456850607,-0.0012151643104932606
0.0438941481131251,-0.3057898970023423,-0.2619184553657906,0.3254146237825347,0.5071627585255514,0.029291577823849484
0.037147909533777876,-0.2970573507856744,-0.31722822303246245,0.31638788432550785,0.5248216768659527,0.058164532571190544
0.030387166104619508,-0.2878724243816162,-0.3665400568724179,0.3071959534394133,0.5387506695795393,0.08529756698258711
0.023633051875350603,-0.2783299234293296,-0.4100568393346629,0.2978626514486287,0.5492532447795084,0.11059273979550709
0.01690058881202713,-0.26853199210750733,-0.44803538093281897,0.28841656910748936,0.5566317252922578,0.13398090803785148
0.010213818254001037,-0.25855205780915264,-0.48075210585812206,0.278895022048216,0.5611978688700403,0.15543379874171348
0.0036038754877225137,-0.24846192146158838,-0.5085111187310952,0.26931660727802476,0.563260895101484,0.1749530400369059
-0.0029020786400335823,-0.23834034648897218,-0.5316476044906703,0.2597001143331148,0.5631018438751655,0.19257107776037397
-0.009275642707772116,-0.2282478121923585,-0.5504916704617537,0.2500717584194462,0.5609884066380776,0.20834579592301142
-0.015495758380014282,-0.21824411399803736,-0.5653696932656741,0.24044977926813757,0.557182104873979,0.22234079807955534
-0.02154138051682129,-0.20838160627312297,-0.5765820202140995,0.2308482461022442,0.5519143351538051,0.23463019141002556
-0.027399107896848924,-0.1987017367766826,-0.5844195508065291,0.2212824136505752,0.545376396039826,0.24529577345681608
-0.0330634599282965,-0.1892497059754256,-0.5892025097623113,0.2117701160799838,0.5377310247513872,0.25441206310195785
-0.038517408116865354,-0.18005464844230368,-0.5912331915023128,0.2023505493039181,0.5291704897462675,0.26206163736218085
-0.04374630043824042,-0.17113628631303343,-0.5907692408185181,0.19306475346008045,0.5198718548675955,0.2683470439099829
-0.0487495447516816,-0.16251385803430332,-0.5880776069326386,0.18393171218207885,0.5099699570087692,0.2733675589497825
-0.05352163878748345,-0.15419802748058056,-0.5834186260281412,0.17495644488496578,0.49958168272267767,0.2772190082180647
-0.058047447569415336,-0.1461946051388129,-0.5770316802794331,0.16612913431821935,0.4888071918118555,0.28000436970736803
-0.06230875761760699,-0.13851584690736674,-0.569152828071557,0.15745957868740001,0.47773704428956226,0.2818225524303631
-0.06628751705936754,-0.1311753283580891,-0.5599898461202242,0.14895858416824415,0.4664501846739764,0.28275756989788503
-0.06996537872123175,-0.12416839160601348,-0.5497292219180909,0.14063854638245735,0.4550154759489894,0.28288724152408623
-0.07333410604607395,-0.1174980940166432,-0.5385424680823928,0.13252853701868406,0.44348226708969235,0.2822841136212232
-0.07639509240137346,-0.11115243727495919,-0.5265699934211173,0.12463593484809327,0.4318917222189198,0.28101915921057
-0.0791588399299863,-0.1051088013149751,-0.5139484942630703,0.1169664073869583,0.42029818954154297,0.2791646913539073
-0.08163919275860017,-0.09936332180150463,-0.5007992260823382,0.1095456331352055,0.4087471190812149,0.27677335032810285
-0.0838512616991606,-0.093909773585907,-0.48719969278845227,0.1023693178311369,0.39724621242232216,0.2739167673819577
-0.08581216386516591,-0.08873893694759946,-0.4732337420868598,0.09544172586230401,0.3858098269049053,0.2706534481097187
-0.08753072421888418,-0.08384706413518768,-0.45899193438366664,0.0887959507478848,0.3744566074971167,0.2670408321606761
-0.0890227018776325,-0.07924251149836493,-0.4445673584640127,0.08242823510183354,0.3631942546743388,0.2631184046268671
-0.090291588360666,-0.07491754396536447,-0.4300375899008394,0.07633750120082318,0.35205500330601935,0.258890833410092
-0.09133584700037943,-0.0708612266879142,-0.4154462399070266,0.07054333808803266,0.3410602255304597,0.25438181780644575
-0.0921625113698207,-0.06708353268139362,-0.40085155023181496,0.06505274985846585,0.33020233295220036,0.2496156370936681
-0.09276433466270047,-0.0635704759273614,-0.3862950272514591,0.05986210740770553,0.31949096583463166,0.24462995385194689
-0.09314652990716951,-0.06029780180531025,-0.3718119605256967,0.05496372562346407,0.3089381968300113,0.23946659404202372
-0.09332852697424782,-0.057250565464184784,-0.35745387038975696,0.050328777504937104,0.29854164070031974,0.2341502452882474
-0.09331871793163238,-0.05441407912257337,-0.34325738648271753,0.045927258369804325,0.2882901709501453,0.22872014754700745
-0.09312260344826599,-0.0517762220241982,-0.32925009850013953,0.04174627036270287,0.2781813575055875,0.22323270500363152
-0.09274744937060474,-0.049333304390573034,-0.3154669779706123,0.03776841152796626,0.26822797249015023,0.21770896636208295
-0.09219606277759436,-0.0470802017201864,-0.30192617248990783,0.03398692137390123,0.2584617429012487,0.21215023870196847
-0.09147576506230004,-0.04499241370232402,-0.2886246555528237,0.030396471742750054,0.24890414306566175,0.20655845717580099
-0.09059968526639345,-0.04304724159934987,-0.2756059994876227,0.02698082183654315,0.23954895132263573,0.20093080426397275
-0.08957347390047488,-0.041225140650091086,-0.26291011882873017,0.023742995516281135,0.2304046720731231,0.19527042902348593
-0.08839977035992948,-0.03951774724808507,-0.25054614925370844,0.020678438772682342,0.22146639047857972,0.189588886470465
-0.08708886625105716,-0.037903149359871845,-0.23852063358915468,0.01778798707990524,0.21272979247135643,0.18390108036834577
-0.0856576863425682,-0.03635627450738427,-0.2268386647961328,0.015076146737099609,0.20419762847140913,0.17821375109274085
-0.08411974255235721,-0.034865640693981605,-0.21550597607030286,0.012538203483158096,0.1958504816892446,0.1725369363334316
-0.08247942978975109,-0.03342647878424857,-0.20453806756289775,0.010181807674943219,0.18767275938211667,0.1668937489396306
-0.08073378099462067,-0.03204157415927072,-0.19394610451055264,0.008021202803082926,0.1796479241698113,0.16129196500287207
-0.07888427549315899,-0.030700957341523744,-0.18372067054047175,0.006060507518741038,0.1717677347980589,0.15575432124115207
-0.07693977139873091,-0.029392889509120338,-0.17386456689439578,0.004261518556489723,0.16404188580101914,0.1502935461018108
-0.07490434494165982,-0.02810943928602487,-0.16436960181567428,0.002601924407115784,0.15646848526002888,0.1449166578595605
-0.07278374881517062,-0.026864483937174412,-0.15523096390967975,0.0010684662239606505,0.14903853493006083,0.13963118861562673
-0.0705767838374038,-0.02565951388917917,-0.14644854003824023,-0.0003599861729038873,0.1417597272155787,0.13443235617506338
-0.0682856727888417,-0.024488971363865672,-0.13800347598260448,-0.0016900208787587535,0.13463748927098532,0.12931488466328264
-0.06592033610613285,-0.02335209273035977,-0.12987748225705129,-0.002909656413680563,0.12768493200411024,0.12429577710855079
-0.06350071806686508,-0.022241203451451773,-0.12206073302354421,-0.004008267799275992,0.12090534928539652,0.11937566930759062
-0.0610583195357137,-0.021162402924677574,-0.1145427211388352,-0.00498269640785721,0.11428965264802853,0.11454572522963576
-0.05861299368773199,-0.020120495509103862,-0.10731632506694856,-0.00584105569953746,0.1078261972549025,0.10978865493678854
-0.056174942724947066,-0.019112450789960687,-0.10036213217570268,-0.006579418525142485,0.10152063852197958,0.10510134612103426
-0.05375907200333673,-0.018138408310649088,-0.09367169335829463,-0.007192509529425562,0.09538640135648468,0.10049784544999855
-0.05137190650634043,-0.017194627081984715,-0.08724522019605511,-0.007699192609824872,0.08940892022857419,0.09597067581037337
-0.04901365980626391,-0.016268212356450658,-0.08107573833022239,-0.008113589664183423,0.08358529496332907,0.09152265610182476
-0.04668530224536489,-0.01535234724473601,-0.07516865554657075,-0.008446646912676438,0.07790788084267772,0.08715424744155975
-0.04438225074391118,-0.014431971912015909,-0.06950819035166862,-0.00869400839513167,0.07235945693361207,0.08287991964456055
-0.04210440636443144,-0.013500832581614016,-0.0640883764312386,-0.008857395631942069,0.06692493935546281,0.07871074930353353
-0.03985203327433277,-0.012562195580031806,-0.05891988610204709,-0.008924424466902529,0.06160435825689972,0.07464504543924107
-0.03762544829634293,-0.01161204864620904,-0.05399424921795338,-0.008901695095592957,0.05639673706312562,0.07066258118010377
-0.03542433565047399,-0.010648568544484824,-0.04929468200072986,-0.008808813990214028,0.05131543177354797,0.06674244053034885
-0.033248157291703245,-0.00967795558424243,-0.04480627602601758,-0.0086540633578388,0.04634672423709881,0.06288578318492297
-0.031084416704434615,-0.008694475866040222,-0.0405055120870743,-0.008444699075392519,0.041463776626204096,0.05908936429064185
-0.02893242065251078,-0.007683992823753469,-0.0363763627565205,-0.00818059914476805,0.0366625396857369,0.05536135002557916
-0.026801047104464595,-0.0066404959031745245,-0.03241272294751557,-0.00785547755680855,0.031929193198934204,0.05167456395003725
-0.024695304809706733,-0.005562264322380916,-0.02860481612440148,-0.007435148602156768,0.027281418607475124,0.048016739661112195
-0.022628428910924477,-0.0044630512528788385,-0.024966116253409273,-0.006900306617031912,0.02272063371866508,0.04439885812408242
-0.02060867010613105,-0.0033558266393791496,-0.02148950739558435,-0.006251787394967687,0.018230502990136024,0.04082110494383581
-0.018639773676591257,-0.0022460522645547875,-0.018139402218084907,-0.00550195066921204,0.01381794030737493,0.03729889156441497
-0.01672658745747024,-0.0011575674278222934,-0.014932118356669757,-0.004669910990489405,0.009476997981449438,0.033831355906332704
-0.014858888864215136,-0.0001098820657564068,-0.011868437513482427,-0.0037534660118795785,0.005209047919432461,0.030416254156801298
-0.013028883876713929,0.0008998277840241892,-0.008927772821877145,-0.002752887444480645,0.0010365239314475564,0.027058322689600685
-0.011238645691448793,0.0018632710005111227,-0.00611915551202045,-0.0016694977682514263,-0.0030285951264749996,0.023757353121259078
-0.009486139881616125,0.0027754373516145512,-0.003432372201285106,-0.0005071094689158033,-0.0069696102464185715,0.02052088563514336
-0.007774806358283191,0.0036416481832502318,-0.0008778418510069386,0.0007108850264411902,-0.010786810019492792,0.017344318384169253
-0.006108414764547187,0.004474849447476069,0.0015381668709474054,0.001967561033238113,-0.014491636439048857,0.014234812221287349
-0.004490067258456581,0.005288988944408087,0.0038198427462631016,0.0032524666574686363,-0.01807145381030019,0.011188116024742763
-0.002918141801419665,0.006094923280754944,0.005960103341812136,0.004560899547998854,-0.021516045982932927,0.00819602191050843
-0.001387042900666009,0.006903366524279895,0.007949385693193265,0.005871326882152441,-0.02482340172045448,0.005247308789079891
0.00011078581871312569,0.007723902627738253,0.009797308280425404,0.007168422287897528,-0.027981034625554048,0.0023466686769753153
0.0015772935351893343,0.008557085938502117,0.011514535843564148,0.008439749193603997,-0.03100869589330918,-0.0005075642540171474
0.003013922350233692,0.009406087717187865,0.013110305261113172,0.009678821693760005,-0.033905109311192526,-0.0033208880304427925
0.004415749711630509,0.010275190408990796,0.01459035567384571,0.01090122196718106,-0.03666359645224185,-0.006089132558063797
0.005774356382691166,0.01115699634227171,0.015954991309438782,0.01210764777642836,-0.03928673061218805,-0.008815840990972478
0.007091071767615171,0.012047006426635651,0.017217955304299634,0.013296799912289707,-0.04176380011274926,-0.011498811036024126
0.008362485037186018,0.012931089518977708,0.018392848914224026,0.014453965866102455,-0.04408684295346549,-0.014132328223337431
0.009586872717707941,0.013791674002370115,0.01948851324194031,0.015558102871306791,-0.04626902581548507,-0.01671311323992526
0.01077224757105464,0.01463449883679317,0.020516465174075366,0.016605013790904462,-0.04832635322387713,-0.01925070295363675
0.011925200139799315,0.015462059314638336,0.021484797954739676,0.017588131862829814,-0.05027538948371675,-0.02173680469638311
0.013052446344318121,0.01627773682582255,0.022400753987280263,0.018509612207932537,-0.05213804416709917,-0.024164357626203357
0.014155629875326129,0.01708900869684056,0.023273337609179573,0.019386686571011988,-0.05393021052536256,-0.02653954324357677
0.015232415701540726,0.017878119868962,0.024111151619853263,0.02021600433743536,-0.05566728397646172,-0.02886284877224167
0.016282522583509942,0.018647018128933584,0.0249297575742526,0.020997417305704157,-0.057333466719668914,-0.031120150543078477
0.01729702017605439,0.019399093922570176,0.02574804537403668,0.021743849083356782,-0.058924573532815064,-0.033306201066346755
0.01826829861047567,0.020124013914912073,0.026568719730661848,0.022471463282473715,-0.06045334398715587,-0.03543354114768281
0.019194170228753426,0.02082618917709479,0.027402931291605245,0.023190307775596605,-0.06191634998729816,-0.03749633561508249
0.02006796041625915,0.021498747688819025,0.028259269960680105,0.023884612833559606,-0.06332123370228354,-0.039503197907001804
0.020887885960680936,0.022135343582277398,0.029126248427545163,0.02454498483087411,-0.06466158225712461,-0.04145163865796979
0.021660917227981313,0.022744950124169237,0.030002933030190398,0.0251843175966135,-0.06591589324551507,-0.04333766871328213
0.022375567027632718,0.02332556020943537,0.030861245092984504,0.025806601360809707,-0.06708627164618557,-0.04517646723677045
0.02302805674640867,0.023878912615017008,0.031675489360797955,0.026419356472709245,-0.06815832973146559,-0.04697539478270745
0.02362586433875864,0.024411516642428906,0.032442968205014674,0.027047351779786444,-0.06912480124788424,-0.04873640150195534
0.024166578103475982,0.02492076170660434,0.03315245088002088,0.027689126598132822,-0.06999867117171636,-0.05046147456390329
0.024659388046258415,0.025418521507427714,0.03380926407733567,0.028349880505881393,-0.07077653622187062,-0.05214535923067333
0.025105118425561495,0.025899988556563863,0.034415560626505456,0.029022543862331145,-0.07147761506625455,-0.053790229672687616
0.02550963101702249,0.026351110120165666,0.03497750317953325,0.029688209667963632,-0.07214040924468818,-0.055389784108822844
0.025895492230766797,0.02678532518988466,0.03550935722927429,0.030346253753661127,-0.07278536022855087,-0.05692787763817515
0.026267638677840235,0.027212454139960457,0.03600804028564784,0.0309937471493162,-0.07342380580496619,-0.058388580209954404
0.026623670988120445,0.027639270094428316,0.036459652666190424,0.031616304674483946,-0.07406808527418768,-0.059767494067641404
0.026968035870578666,0.028077768964730125,0.03685401873355852,0.032207981892243914,-0.0746953258792582,-0.061071986746912464
0.02730222900265099,0.028539333135291656,0.03719244495500386,0.03276116273436771,-0.07527832135625571,-0.06230098786944271
0.027623782783940558,0.029017256762455368,0.03746610222877904,0.03325951265312434,-0.07580012860923742,-0.06345893684503905
0.027930342149123565,0.029498817930243487,0.03766453832035073,0.03369699146516998,-0.07622869067183023,-0.06456165208877837
0.028219028456875177,0.02997440837877627,0.03779243880224819,0.034079776624496246,-0.07654913292385832,-0.06561283146743566
0.028487546711281352,0.030429179421530967,0.03786389140159315,0.03441924888138011,-0.0767772827902477,-0.06661275406124108
0.02873636872033755,0.030854272801650574,0.03790584525497602,0.03471888488274043,-0.0769221290241897,-0.06756727749834525
0.028965046663212052,0.03124122954637983,0.037929918172973726,0.034982390354830445,-0.07699868040938501,-0.06845742304112416
0.029170007279662333,0.03159115137915012,0.037944204749676094,0.035205601236663615,-0.07703521252888879,-0.06927081242034
0.029353966421004313,0.031902682925686786,0.037962602048179764,0.03538055239050399,-0.07703982657623688,-0.07001902285172894
0.02952289463601159,0.03216324857026599,0.03799807113132919,0.03551527537321713,-0.07699746346652481,-0.07070539648604636
0.02967684530142058,0.03236330320026239,0.03805319850488323,0.03563630391385752,-0.07690465731209101,-0.07134851292414289
0.02981689036044181,0.03249272700402031,0.038117235365857836,0.03576033774615531,-0.07676649136426511,-0.07195866914568923
0.02995212351399523,0.032552262741852356,0.03818100349206392,0.03589700863795256,-0.07658664407029143,-0.07251350112464165
0.03008740263384805,0.03255222597453072,0.03824313261994869,0.036072283307501445,-0.07637926813403198,-0.07301034721587371
0.030213346310251996,0.032493199251124275,0.0383010086927833,0.036302153669191525,-0.07616554885963708,-0.07346449304185523
0.03032285094730344,0.03238680943796306,0.03833404895454186,0.03657405126542235,-0.07595208049334105,-0.07389922711611024
0.030414293255921678,0.03224798200186544,0.038339517976923865,0.03687937935324499,-0.07572939667153762,-0.07431812009463813
0.03048302983597318,0.03208720903864724,0.03830805656613643,0.03719456808642908,-0.07549386491845739,-0.07471375516088008
0.030533056681286853,0.031915652142943604,0.038222243320610715,0.03750100225949114,-0.07522616997027852,-0.07507229055910196
0.030567369038114633,0.03173707009149739,0.03808933876761976,0.0377867496063725,-0.07492817042053725,-0.07538297952033414
0.030585137238750292,0.03155754883733326,0.037919360810756926,0.03804044600749584,-0.07460476650248729,-0.07563520761729317
0.030591092096637785,0.0313709503961229,0.037724267956367,0.03825355710475479,-0.07424291538796544,-0.0758262482197892
0.03058521558882114,0.031173823313579502,0.03751193898802028,0.03841893590114125,-0.07384750339946855,-0.07596237273634943
0.03056118772866845,0.03097064749707384,0.037278659644768244,0.03853811913116298,-0.07339730817829122,-0.07604964909571181
0.030517670187221287,0.03074813791303171,0.03701036576903391,0.038603203369768815,-0.07286045704727877,-0.07609698831003735
0.030457395725010425,0.03049933744390443,0.03669135565296425,0.03860814011871904,-0.07224309584742784,-0.07610816052035228
0.030392152240185932,0.030231201620093264,0.03631717970751542,0.038569945582018886,-0.07155718276699957,-0.07608909615278005
0.030327242498719594,0.029945511828738523,0.035890231348570514,0.038504755324522855,-0.0708214209145039,-0.07602685462873755
0.030263819277132783,0.029646710818778194,0.03540988543030978,0.03840733809089196,-0.07004726279580294,-0.07591628836781737
0.030207834577823486,0.029344368430813346,0.034878603224242785,0.038284676835022284,-0.06922275154621843,-0.07575288381292623
0.03015978917743366,0.029050217745000568,0.034303053358259165,0.03814234595061203,-0.06834909644152262,-0.07553012067424321
0.030113560718752316,0.028755478074960657,0.03368783568982607,0.037963004687384595,-0.06742772867755842,-0.07525439188238371
0.030065305934433025,0.028450153684249954,0.03305259017401249,0.03774080264636173,-0.06645560262484596,-0.07490211958349928
0.030008881697547726,0.028125663373715533,0.03241531342777612,0.03749195574098496,-0.06542483449968156,-0.07446919515000253
0.029926252018473386,0.027766752786608725,0.03176702650144815,0.0372190648204162,-0.06431794557944741,-0.073958549105254
0.02980628352609158,0.027371029977019873,0.031121617154061452,0.03691047335829548,-0.06313256182740902,-0.07335520275755823
0.029648852667198303,0.026933078982248268,0.030509562915895627,0.036574725970275855,-0.061877362620883856,-0.0726700105863957
0.029443424481851166,0.026449020505014166,0.02991281465258275,0.03620296960428059,-0.06055525955680391,-0.0719191487438258
0.029184434289681045,0.025927045433506227,0.02931693187379917,0.035784528458356904,-0.05917219992797483,-0.07110706159733503
0.02887680046455851,0.025381724721179517,0.028740602907594708,0.03533834115785922,-0.05774070099337247,-0.07024536776724653
0.02851311976991841,0.02482393664177937,0.02818164892898132,0.03486415653249712,-0.05628147065177212,-0.06933050237667607
0.028093715623301332,0.02425806116713204,0.027622787215628997,0.034379606207247976,-0.0547928039772776,-0.06835335548377099
0.027621279406111338,0.023677524289848293,0.027053077151426384,0.03389790889469167,-0.05326333256633943,-0.06733171662263722
0.027101113635941716,0.023086481615256574,0.02645017464689448,0.03341030855101012,-0.0517124912777957,-0.06628310548476396
0.02654526023710158,0.02250616625181475,0.025792815208938724,0.0329212433046189,-0.05016252860718695,-0.06522078124152027
0.025961090428077576,0.021950931909381608,0.025075043497675645,0.03242834039490278,-0.04860504843294504,-0.06415260618046145
0.025355537865786502,0.02143322896680821,0.02430323926772342,0.03193421808742271,-0.04704408389928524,-0.06307393506536801
0.02473364687724235,0.020957988403833148,0.023484242902517768,0.03144072272070463,-0.04551031625022391,-0.0619879258350608
0.02409984015620705,0.020523300066152345,0.022636553729297047,0.030957406695635514,-0.04402052883362043,-0.060893722970201375
0.023464930676990084,0.020123408575349406,0.02179016183348665,0.03049963660134505,-0.04257379620339863,-0.059789479191474065
0.02283363677216987,0.0197401905139818,0.020936640191799232,0.030066056857092946,-0.041175677291662466,-0.05867533425441398
0.022207604076176387,0.019361137539440135,0.020081730110214892,0.02964106345694992,-0.03983803227314778,-0.057549552145360054
0.021587470512200554,0.018982404298499473,0.01924529911686162,0.02920690659352332,-0.03855222038741755,-0.05642700256647809
0.02097474739964694,0.01861211044456797,0.018440988151787942,0.028748260662147116,-0.03730193533380568,-0.05531100789146812
0.020368899928865307,0.018244654760870754,0.017688131862028333,0.028254917877455637,-0.036084431664678125,-0.05421091180651967
0.0197687806965077,0.01787567551384385,0.016998523759712274,0.027724091992860873,-0.03490811929849512,-0.053137593349559954
0.019180573476181222,0.01751448502338359,0.016372052792438033,0.027155621697917933,-0.033772422332957616,-0.05207430779881535
0.018609075134319822,0.017159210893081867,0.015793857222655618,0.02652540498893373,-0.032660909770814636,-0.05102418132785078
0.018063810365913223,0.016813114079480558,0.01525295709232634,0.025823135804892403,-0.031563849292215326,-0.04997962300268424
0.017552104832525586,0.016479582796056415,0.01473505493911894,0.02506129578925014,-0.03047595996668075,-0.048920331922572904
0.017069132497432766,0.016158812254131044,0.014231688617591056,0.024246852420903804,-0.029399878428760077,-0.04784653302464339
0.01660967776751576,0.015845734825756925,0.013758491673704442,0.023394424884363604,-0.028332534096121447,-0.04675616131206665
0.01616489103784191,0.015519716899149707,0.0133237222460686,0.022508126173615254,-0.027266319438151713,-0.04565206261270831
0.01572624450450116,0.015180508183984122,0.012925103328653103,0.02159222986764696,-0.02621528480907478,-0.044536515616717204
0.015290155022175744,0.014844107957618192,0.012567735327462578,0.02067392677402033,-0.025191147294918777,-0.04340138646785097
0.014845784534360725,0.014516599464886365,0.012244460192297276,0.01978797906501224,-0.024209574018152522,-0.04223474245351808
0.014381143701199901,0.014201494860104429,0.011928680501060406,0.01895174879016343,-0.023298205844221927,-0.04103338581687766
0.013896681414129246,0.013903417966607906,0.011618422846359028,0.01815850384347443,-0.022473742641030345,-0.03980376566465208
0.013400933103619544,0.013633732704121071,0.011313875675173996,0.017418981734763066,-0.02171284304017684,-0.03854923481682492
0.012887697172200403,0.013382923536445044,0.011004676923247863,0.01672900338797434,-0.020978579902172955,-0.03729100284390184
0.012356978696919109,0.013127657067774705,0.010694054243150751,0.01608255104763784,-0.02023913985835403,-0.03605959826921257
0.011820601635984468,0.012853241763026794,0.010380475696017735,0.015468498414677895,-0.019482179744107864,-0.03486513406998598
0.01129661065426638,0.012550057866210811,0.010056386698858378,0.014879821163829026,-0.01873104228448997,-0.03370348515948912
0.010803107981372892,0.012222406676797736,0.009737314468648721,0.014337220128730857,-0.017992845169496816,-0.032570447931672485
0.010338538670006486,0.011865545504646333,0.009417310496723093,0.013839206964871899,-0.017278646624498753,-0.031464748589779
0.009903485137666783,0.011468767371924357,0.009082429045715134,0.013374759564775282,-0.016583383909497672,-0.030385097168504533
0.009501972804431727,0.011049795472090986,0.00873468756579441,0.012927769022714282,-0.01588902480767943,-0.02932963589704862
0.009133675819358115,0.010626573218642238,0.008363947378115811,0.012485839007051877,-0.015198506139135157,-0.028300976406507722
0.008799011794553273,0.010199829114775707,0.007979398088455096,0.01204095743035516,-0.01449700495762052,-0.02729443289657462
0.008491360639985185,0.009772860852395716,0.007592037546778013,0.01157681536282782,-0.013759135160118337,-0.026320332610747243
0.008203140407392801,0.009353831743106373,0.0071960262241954915,0.011112815219936305,-0.012980802304173322,-0.025395310657398276
0.007924305050906322,0.008948246125609191,0.006790248220629795,0.010679657650855469,-0.012182513998888539,-0.02452644455339325
0.007643927831221386,0.008551203566792629,0.006376368391072962,0.010280806098741529,-0.011372492311536506,-0.02371514536829895
0.007359707656433905,0.008158248129107726,0.005966004644457549,0.009910898920348327,-0.010557507933619726,-0.022954278920379174
0.00706793099528495,0.007782614870083385,0.005563452251904787,0.009552384541834977,-0.009754924522683669,-0.022253807615395367
0.0067678148023041776,0.007443721254653762,0.005162408830046733,0.009201464746099477,-0.008970020797983431,-0.021601251207362202
0.006465665329619408,0.00714225996882498,0.004761917362447339,0.008871971779964875,-0.008235396396808453,-0.020983923989064172
0.006164069014834229,0.006878358158662976,0.004378484968148308,0.008574794157265789,-0.0075686990276941195,-0.02039853173095318
0.005860732044486595,0.006642360087963223,0.004020056882687069,0.008324760676648188,-0.006963779227931003,-0.019845251023860595
0.005552026460868716,0.006423661489761207,0.0036844568799869757,0.00812790887776647,-0.006411266716807605,-0.019329501628186665
0.00524147552131,0.006209021902624893,0.003391592088282086,0.007960513212901163,-0.0058962246509247284,-0.018842284843406942
0.0049402285344710825,0.005985021998444082,0.0031426551829555295,0.007801486896194492,-0.005423820338031052,-0.0183834120027158
0.004657220411937414,0.005742687892885845,0.002921784952340846,0.007635197204063043,-0.0049936363336133315,-0.017932852744014034
0.004397935763351599,0.0054755537361539,0.002730109570756872,0.007447948642529965,-0.004591072033851585,-0.017482737381583208
0.004166810103979826,0.0051922317064334025,0.002587911655512387,0.007244820518350621,-0.004206203723484063,-0.01701726697799445
0.003960831532662539,0.004881991939602412,0.0024946570677267725,0.0070190730541089,-0.003843180732429572,-0.016516394165104774
0.003772825892171068,0.0045503044243122,0.002449656207997191,0.006772592498016172,-0.003505625252835524,-0.015989634151707295
0.0035959097549333116,0.004202562333692489,0.0024627496760134997,0.006516274199516945,-0.003204888386714578,-0.015439435349037082
0.0034235908133097765,0.003833280367876146,0.002530458179275546,0.006257284886487624,-0.002943580244346829,-0.014868142891507594
0.003248616403850571,0.0034601127144112185,0.0026461186657202583,0.005998622252754152,-0.0027025509796289988,-0.014289115048988742
0.0030638396313827855,0.003090700862349471,0.0028047199059820674,0.005743670910629025,-0.0024811278241767833,-0.013710309693031756
0.0028717095760955797,0.0027415533462148067,0.0029769941859523717,0.005507840448235403,-0.002290811392805025,-0.013136472847426254
0.0026745906462770645,0.0024235760062297977,0.0031151521917473332,0.005301611917219981,-0.002135426506294445,-0.012575253057799668
0.0024731010857316537,0.002128586450774043,0.003208175684251388,0.005139019161981461,-0.0020251718002144174,-0.012037375771291475
0.0022722583043634304,0.0018594861188595685,0.0032607962222480995,0.005011506581341054,-0.001959674727696115,-0.01152067740236441
0.0020750695950082216,0.0016236837975525287,0.003266062206064766,0.00489315942251926,-0.0019114670134667095,-0.011012756643995624
0.001885869841605029,0.0014186024300489187,0.0032341130861364754,0.004767203437521468,-0.0018493474217337747,-0.010516988477863169
0.0017090852065834406,0.0012375168607688524,0.0031721695556760866,0.004612650990158208,-0.001764043166843605,-0.0100466651511212
0.0015510879100441714,0.0010826904147593379,0.0030791364270212947,0.004437167524197504,-0.0016453923902437317,-0.00961201153889625
0.001415791657384626,0.0009539143835473169,0.0029684819920160993,0.00425294187392011,-0.001498022660618406,-0.009205837747953702
0.001299393459073934,0.000833287918058895,0.002842354971258348,0.004064417282139991,-0.0013642201211682232,-0.00882121266786471
0.0012022841860449918,0.0007258013722973946,0.002715089589455266,0.0038948465697869273,-0.0012593621471838458,-0.008453167067357676
0.0011199353746543152,0.0006337730052677811,0.002595551940561353,0.0037383206645465296,-0.0011736073895837807,-0.008104238447711952
0.0010530041532827062,0.000539601117998612,0.0024889362657307965,0.0035912476245864777,-0.0010855015599481306,-0.007773378774390715
0.0010027954330058086,0.0004430990886061899,0.00240995970592762,0.0034524035271908935,-0.0009723478306052495,-0.007465675041360695
0.0009633323543424099,0.0003354685706784708,0.0023413155215019467,0.0033294951068106446,-0.0008318447977121523,-0.007181631393471451
0.0009361958961718955,0.00021545924952793064,0.0022835311221475934,0.003239952030751491,-0.0006767178865527727,-0.006914213964460151
0.0009102982591204862,8.740236067789502e-05,0.002257935903319183,0.003171380238849373,-0.0005184851750241894,-0.006673884501650635
0.0008701774533325535,-4.784069265366873e-05,0.002269504677450646,0.0031046169603848564,-0.00036046567529132386,-0.006464317107638793
0.0008159720389713923,-0.00018283006882942242,0.00231634283709644,0.003027079819963534,-0.00020489956784538793,-0.00629041192553202
0.0007502143818369091,-0.00031105485139379374,0.0023999482519793014,0.0029460620787748466,-4.503260512354834e-05,-0.006151406599068556
0.0006734008257896991,-0.0004264170333087791,0.002492189495700604,0.0028603172219929178,0.0001028898651396508,-0.006039635150950081
0.000595481028076116,-0.0005291108985690905,0.002576064742436769,0.002762351782527071,0.00023957197906358918,-0.005930014127379961
0.000525365405515243,-0.0006119184614020923,0.0026677574387048574,0.0026505675468571853,0.0003619182974923305,-0.005798330744677902
0.00045343394191786884,-0.000672249159839193,0.0027602209691376675,0.002529908049259284,0.00046737957084036036,-0.005648144606521012
0.0003651687647242639,-0.0007139862818820783,0.0028409069090056718,0.002399429842373568,0.0005510316006410291,-0.005490599453493296
0.0002603778896718936,-0.0007336161650572398,0.0029221415015863914,0.0022676791527331468,0.0006034676512399279,-0.005329054521674215
0.00014915331979498242,-0.0007289309949776252,0.0030080579156090527,0.0021525927657768244,0.0006353343582299475,-0.005166169585003574
3.134246927414558e-05,-0.0006980036735647848,0.0030889129527501102,0.0020577807842169127,0.0006437264673236611,-0.005011141356944014
-9.352975857717523e-05,-0.0006433142715729537,0.0031746197938439845,0.0019754067036622954,0.0006288694163806175,-0.004857071054605659
-0.00021685971006570607,-0.0005746614383153399,0.0032589810037463936,0.0018917003847973733,0.0006004268466669836,-0.004704889802507461
-0.0003354105598474442,-0.0005054289736476753,0.0033237338741968427,0.001806985110873336,0.0005782460212680303,-0.004552674247191592
-0.0004452129050258943,-0.00044852424773450224,0.0033604865864709367,0.0017252533606506224,0.000555441856491844,-0.004391630098524079
-0.0005436462422445534,-0.00040860809661295773,0.003367250920262554,0.0016503051015237377,0.0005175216213771666,-0.004236552144844847
-0.0006345603236541128,-0.000390113564398277,0.0033547845784028638,0.001579796712206421,0.0004865610670200335,-0.0040930430721885765
-0.0007172403024891062,-0.0003942249704005377,0.0033399155977547157,0.0015107116239495369,0.00047630658370996954,-0.003968083823797523
-0.0007830270066108923,-0.0004155403727429063,0.0033407952958454225,0.001439282478358942,0.00048686744312657275,-0.003870466350549913
-0.0008282192569867898,-0.00045415187382594863,0.003349308627374354,0.0013499942607519094,0.0005287261083525023,-0.003805333550410446
-0.0008547787250753894,-0.0004992334212914466,0.0033519026946933314,0.001247743768470502,0.0006169305822630079,-0.0037608729276809314
-0.0008683651050699479,-0.0005467009112167083,0.0033375263840657093,0.001120397042831261,0.0007403825024377626,-0.0037303776285251135
-0.0008730862874544462,-0.0005819701788343279,0.003302327866991568,0.0009730582286464869,0.0008830350488285464,-0.003700248259205698
-0.0008706234826756493,-0.0005962384184386349,0.003249033328286086,0.000826313112747132,0.0010338185519083232,-0.0036461592554530077
-0.0008633177302530516,-0.0006013577589538947,0.003185657972550031,0.0006941085275162007,0.0011845947782242116,-0.0035760857442347273
-0.0008581519621955079,-0.0006098490259948306,0.0031268498572972116,0.0005931981237598799,0.0013389224507094038,-0.003503877366256664
-0.000866675841352696,-0.0006362086246411597,0.0030692497479265046,0.0005225611787598294,0.0014924887794861696,-0.0034473187547351142
-0.0008917883602253434,-0.0006758837331612125,0.0030124517688547704,0.0005047026254014969,0.0016345473851067127,-0.003415037971105508
-0.0009323768898460757,-0.0007171866669898318,0.002945430908754416,0.0005637694794981433,0.001756437740725364,-0.0034153775708514285
-0.0009869455269098625,-0.0007568599176824694,0.0028613313826947027,0.0006978471136089908,0.00184603165756878,-0.0034298194603078007
-0.0010485501969693342,-0.0007950532072383347,0.0027570005413966262,0.0008755742149579909,0.0018901388491495232,-0.0034439544983039016
-0.0011073181413479903,-0.0008272377506722176,0.0026339185824961063,0.0010651469385364876,0.0018958357861182681,-0.0034596840216886736
-0.0011566682267530745,-0.0008483977733416496,0.002499240091642369,0.0012386100588643125,0.001886717324924533,-0.0034766146580479263
-0.0011962903914334508,-0.0008636860538324456,0.002357149706657662,0.0013788501833600602,0.0018687285932103145,-0.0034775304785876326
-0.0012292055706859327,-0.0008679166710332222,0.0022002391434293167,0.0014804382876631805,0.001822032128380602,-0.0034485850903271734
-0.0012490045111881454,-0.0008532317509531739,0.0020364392117736326,0.0015385865373983647,0.0017595257288568888,-0.0033845671278326956
-0.001245295888593872,-0.0008205378790084951,0.001865091264252606,0.0015601821551340647,0.001699282043623552,-0.0032888897661449076
-0.0012194908759934455,-0.0007817002017696708,0.0016870829393144204,0.0015670851914747256,0.0016423574474289584,-0.003172949175597761
-0.0011820148885412615,-0.0007446791034760046,0.0015121227309594111,0.0015774867547121024,0.0016015496709698037,-0.003028800732831777
-0.001141910184963907,-0.0007088295608415469,0.0013272238520188571,0.001609909122297171,0.0015682636674448263,-0.0028693817757128267
-0.0011094601709428287,-0.0006770265316482365,0.0011286661922588215,0.0016612435567350406,0.0015200024927354615,-0.002696226669745236
-0.0010867607606481321,-0.0006359107046843229,0.0009217851514944166,0.0017165618447742865,0.0014618040531144017,-0.0025024213591666356
-0.0010667359373917812,-0.0005863029570621615,0.0006908037663733857,0.0017857955272615517,0.0014184344393455275,-0.002295653661075515
-0.0010451317735194557,-0.0005466550798846622,0.0004313729775986082,0.0018702760820654204,0.0013953197890922246,-0.002079226077950849
-0.0010188220897421464,-0.0005218085294294939,0.0001704736145703814,0.001972497010276712,0.0013741516963284616,-0.001880170004495352
-0.0009922873616107922,-0.0005133171425075196,-8.065990727102694e-05,0.0020745098697023045,0.0013234689557467642,-0.0017247444972938407
-0.0009604374760097442,-0.0005091727011316409,-0.0002979847746935881,0.0021662024482257333,0.0012313259762122845,-0.0016098902551488334
-0.0009156625161322681,-0.0005040667900664324,-0.00045558279434739125,0.002243376498891992,0.0010971052747415862,-0.0015211499806973621
-0.0008466076016046472,-0.0004936191426433547,-0.0005506905453756685,0.0022713615965935094,0.0009286261607620288,-0.001441571858056481
-0.0007389027312663841,-0.00047508595073252096,-0.0005942799737141966,0.002236496323324492,0.0007483139140532105,-0.0013568772178794324
-0.0005943120502932032,-0.0004505527911148488,-0.0006151903206532462,0.002142349213386274,0.0005745652102552209,-0.001263376886880114
-0.00041782145742815413,-0.00041330824440022514,-0.0006329326416561524,0.0020066068786068194,0.00041249935617688566,-0.0011586896689342666
-0.00021455381133743764,-0.00037320261932456103,-0.0006523456071732182,0.0018544803566294054,0.00024565965309126186,-0.0010401919556889047
3.236397533516088e-06,-0.00033338382560526105,-0.0006862892330705144,0.0016934551009407976,7.66351167437812e-05,-0.000927190453001748
0.00022558468059941466,-0.0002805082943189899,-0.0007357338182353282,0.001538328483468056,-8.028004557206001e-05,-0.0008249461552724843
0.00044253705728777783,-0.00020993432922631133,-0.0008055494549240604,0.0013834205004644028,-0.00021999031381960676,-0.0007251549850325313
0.0006461018840865382,-0.0001247489492978432,-0.0009034197613750568,0.001208256714421486,-0.0003376247612933746,-0.0006303160629171145
0.0008410706277888965,-2.1163415810452548e-05,-0.0010213854396778513,0.0010232932314297326,-0.00041866082600617785,-0.0005500594206548638
0.0010205320285391417,0.00010396105114372966,-0.0011602874048053003,0.0008397108423853386,-0.0004530702885842626,-0.0005023625151450809
0.0011794363449037179,0.00025186146578356214,-0.0012984486903697492,0.0006505274882694951,-0.0004385355473903847,-0.0005057802035430484
0.0013163391600692774,0.0004248706840011464,-0.001407139000888024,0.0004426064010315416,-0.00037450010560794074,-0.0005656311100229461
0.0014238731454722883,0.0006231516734807417,-0.0014819971527050605,0.00023418312930486004,-0.0002867364045324853,-0.0006516794120221667
0.0014983211812899355,0.0008376558214581,-0.0015311323964048024,5.357400314387028e-05,-0.00020492220226034184,-0.0007335150096049361
0.0015350341866752137,0.0010576745252331259,-0.0015546514540967437,-0.00010804963602763356,-0.00013275025092251798,-0.0008083639464509534
0.0015384317147343672,0.00127605974602269,-0.0015474948008310496,-0.00026594747222163847,-7.180268651590932e-05,-0.0008514885304998669
0.0015125067732663997,0.0014803741657119379,-0.0015029078588131577,-0.00043961593261905015,-4.684400190599648e-05,-0.0008601133167227932
0.0014630177126286178,0.0016660331628691825,-0.001403488524294261,-0.0006305815247048282,-7.377695019978224e-05,-0.0008491362981914616
0.0013988892647249361,0.0018292970330148143,-0.0012379481371327641,-0.0008193839852087444,-0.00015156374711677127,-0.0008237687074131485
0.0013233870208360908,0.001954457121692846,-0.0010150872205780166,-0.0009932876112388868,-0.000276913878047166,-0.0007939467807193011
0.0012433148878340972,0.002029962683947618,-0.0007553898498735886,-0.0011477920814211128,-0.0004279347714019515,-0.0007526147727651338
0.0011584022099983076,0.0020445705165705566,-0.00048265299870026666,-0.0012975550659905712,-0.0005767322537841197,-0.0006908086252594463
0.0010749743014643414,0.002007318003783371,-0.00021955999804070987,-0.001455426012198684,-0.0007041790880668639,-0.0006074896213110623
0.0009979349858533276,0.0019426265857270908,2.713482160528138e-05,-0.0016316067657106343,-0.0008009763505443226,-0.0005149140331808631
0.0009196449789236934,0.0018653801030731121,0.000266938185308617,-0.001822446607200314,-0.0008806250787026282,-0.00041990543065021843
0.0008341202381464391,0.0017848597083743062,0.0004908262798195204,-0.0020094608209315547,-0.0009378936951789082,-0.00032858135522517576
0.0007392927253416611,0.0017120594286355393,0.0006946945606351269,-0.0021799755855343907,-0.0009628168898689738,-0.00024935089467556244
0.0006363696306944149,0.0016550070696259838,0.0008744216278742042,-0.0023367002135614994,-0.0009702355412251234,-0.00017087912294631323
0.0005310979895967009,0.0016184961657310186,0.0010151069333015823,-0.0024891047167645806,-0.0009702243162047029,-9.221271384151768e-05
0.0004276929354755776,0.001605168607183721,0.0011390301071110627,-0.0026408942351168123,-0.0009663032020605118,-1.3122515361340641e-05
0.0003300345041903623,0.001604442658389043,0.001257975450135212,-0.002786576791269813,-0.0009609882964350422,7.270447313752523e-05
0.00024234989854521533,0.0016162230604573997,0.0013636855103275802,-0.0029168930640431157,-0.0009606769478359565,0.00014985805354425307
0.00015658875628057358,0.0016408078671793518,0.0014631369712029133,-0.0030351593387958134,-0.0009415539449075838,0.00021260141386952373
6.331690918401174e-05,0.0016690059024551845,0.001541968797070444,-0.0031454405678791094,-0.0008767961790286294,0.00025372158016642504
-3.428473631380898e-05,0.0017000455970778553,0.0015894505585929116,-0.0032409007775751337,-0.0007605051378247448,0.0002735880579115145
-0.00013292543321420086,0.0017310644722312906,0.0016042587526493399,-0.003312589806095755,-0.0005954196322178998,0.00028462731393023394
-0.0002344064175405666,0.00175290961378849,0.001581654990448246,-0.0033484643332266206,-0.00039726104669269825,0.0002758228023939311
-0.0003362897914542583,0.0017647929791625777,0.0015250182646511575,-0.0033307557740982936,-0.00015439131776599443,0.00024303881960299528
-0.0004443118102857391,0.0017581841289595744,0.0014380707927176615,-0.0032741160659210244,0.00011686756568380877,0.0001772551255610977
-0.000557219880104689,0.0017291871915301321,0.0013299564822750497,-0.0031707479866385814,0.00039312498688608973,8.858307363132813e-05
-0.0006698247759553076,0.0016762399223842377,0.0011909435397739795,-0.0030104104119024894,0.000661361268721406,-3.2254788062484325e-06
-0.0007779571291542355,0.001595799414389829,0.0010111546653700123,-0.002801196463827705,0.0009025201084576235,-9.392231723292607e-05
-0.0008696376616467087,0.0014970888242012326,0.0008072888507975423,-0.0025434905261884446,0.0011085583232278858,-0.00016114274967216478
-0.0009407280506364133,0.001384439440726251,0.0006003353315323997,-0.0022504764755850856,0.0012500622530300944,-0.00018780983166617353
-0.0009884567446358707,0.0012564848761291998,0.0004078080668623222,-0.0019176777464478437,0.001319368436338028,-0.00016888961572849185
-0.0010175859646738119,0.0010978477922348796,0.00023949939089969502,-0.0015491936661137008,0.0013425856720731264,-0.00011448010248172347
-0.0010372448355093229,0.0008966059497673531,8.902477873542516e-05,-0.0011649497694339523,0.001323010297202813,-5.586885498188788e-05
-0.001045963244650175,0.0006485160056088956,-5.608796749186212e-05,-0.0007589413808958125,0.001256488896495468,-8.942327962510322e-06
-0.0010333536404824523,0.0003566967593881441,-0.00019242025339369335,-0.0003322717543695587,0.00117202334191639,2.143392060533583e-05
-0.0009920704704696845,4.359046392512216e-05,-0.0003124360774156364,9.240345604051108e-05,0.0010742245720027372,2.2969469973821395e-05
-0.0009294130647491243,-0.00027118317261576227,-0.00043269298621098406,0.0005200828055287733,0.0009470306162369184,-8.957855668121745e-06
-0.0008524667503739249,-0.0005665596946459456,-0.0005679722740940642,0.0009553882372247473,0.000804167073253909,-6.148829516543473e-05
-0.0007619999429899516,-0.0008149142089811014,-0.0007142776731010926,0.0013806498761480403,0.0006632788052213759,-0.00013334085978805176
-0.0006645946247668909,-0.0010081851583160406,-0.0008677238315491951,0.0017806757471335115,0.0005175152059293963,-0.00020942261650585674
-0.0005682645528585857,-0.001146196702831319,-0.0010356655745616334,0.0021299113160249726,0.00037479294660025157,-0.0002528549613033547
-0.00046814302083900063,-0.0012347756679541516,-0.0012136692084296406,0.0024218535680419276,0.00025529390265359436,-0.00025495536613955066
-0.00037219161056372313,-0.0013006970688893757,-0.0014001350627700713,0.0026538656009097703,0.00016166003817438026,-0.00021763847565831827
-0.0002859757812769656,-0.001346229021942433,-0.001594100232803328,0.002815859195968484,0.0001030740947987088,-0.00013348503521756918
-0.0002040063511498313,-0.0013684887183327008,-0.0017743690853783915,0.0029087314666683154,8.423665632546916e-05,1.4320043348272835e-05
-0.00014254836444820828,-0.0013902846894533003,-0.0019414982625377728,0.0029282741050714097,8.081967763416619e-05,0.00021778590536635962
-0.00010482962435386435,-0.0014198969929351188,-0.0021064565097495733,0.0028795665264232067,8.221110524873875e-05,0.00045026071153317685
-7.12426530491428e-05,-0.0014430898360920455,-0.0022589286704160706,0.0027686415723274156,0.00011380962319730409,0.0006954821824184887
-3.429998492379394e-05,-0.001451530762532151,-0.0023799497590278195,0.0026257680679413224,0.0001763114604164461,0.000934071975083084
-6.946705677397705e-07,-0.0014448084262708946,-0.002454687942065911,0.0024882772294319397,0.00024768478854344855,0.0011476945202349735
1.9571151192819887e-05,-0.0014356905251476685,-0.002491400955134581,0.0023453298385181297,0.0003084021491916983,0.0013264226054577563
2.9122160208259074e-05,-0.0014262921311774034,-0.002484558099789928,0.0022009618554915513,0.00035779235377259537,0.0014744131545212464
3.1191032606815746e-05,-0.0014206185644165322,-0.0024212765732488915,0.00205538630555626,0.0004025494858928287,0.0015732882841091014
2.2991955401187323e-05,-0.0014319037320439795,-0.002305094413809572,0.0018913533473223503,0.0004534300671732332,0.0016153622336104998
7.112440424142625e-06,-0.0014533958998284903,-0.0021282975120992284,0.001701662912381589,0.0005281815084781553,0.0016187830578830373
-2.0919183616645506e-05,-0.0014875520954971966,-0.0018843600526120452,0.0014875176391616967,0.0006264868429187333,0.0015838819620660812
-6.346503742939127e-05,-0.0015336013939440838,-0.0015816293875752592,0.0012634064081288206,0.0007371906960758255,0.0015238802896518709
-0.00012108164833815316,-0.001579357366409263,-0.00123443212434452,0.0010384666039814953,0.0008381000429804431,0.001447415544008509
-0.0001978794626279517,-0.001621997079155033,-0.0008669461637734132,0.0008260572934365117,0.0009091454392356612,0.001349483413181099
-0.00028913506170269963,-0.0016473176285564527,-0.0004950708908335626,0.0006262556834129966,0.0009316682748285516,0.0012470699636318672
-0.000389677767083927,-0.001640448505760282,-0.0001289629602048128,0.0004277567556571463,0.0008951754972617199,0.0011539414371715792
-0.0004947224717372007,-0.001591010345390829,0.00021535821349251782,0.0002475314545616692,0.0008204148627739587,0.0010818911735668048
-0.0006031420773709112,-0.001489216719486561,0.0005204373651043311,8.485937032564718e-05,0.000708130341551204,0.0010376699762274992
-0.0007129518580168063,-0.001335262035370342,0.0007653705488903607,-7.403774530237661e-05,0.0005525672391524919,0.0010162189750753626
-0.0008157447934326903,-0.0011334110116604406,0.0009339139195204792,-0.0002298840559378115,0.0003619335245498704,0.0010246294264383818
-0.0009076909642070076,-0.0008951323467164528,0.0010202372115453305,-0.00037792804362608184,0.0001385028232217873,0.001064188049336632
-0.000985846848228139,-0.000623194096774422,0.0010258415017924771,-0.0004881724290841772,-0.00010015090641559453,0.0011350412667429591
-0.0010509962449569488,-0.00033221842964686784,0.0009570159133025751,-0.000551485745253141,-0.00032511947832927714,0.001225806013083047
-0.0010960386625621073,-3.7797181132889724e-05,0.0008310811732684639,-0.0005718847680564749,-0.0005249711890578669,0.0013254295423648674
-0.0011161335130685662,0.00025554995680744083,0.0006602518346491594,-0.000572591641349136,-0.0006895770564320394,0.0014208746733742692
-0.0011144033441838081,0.0005282441125164064,0.00046517316939015586,-0.0005881228554252794,-0.0008086526020869146,0.0015120152628297465
-0.0010894718643224774,0.0007729004914303418,0.00026906515927021743,-0.0006329795427666295,-0.0008875101509520316,0.0015985840652395869
-0.0010438132484955765,0.0010067080658643713,8.508356917268556e-05,-0.0007043808195108828,-0.0009419805268160542,0.001671816129508156
-0.0009904301586285947,0.0012274396426404032,-8.892362894963745e-05,-0.0007931509191093334,-0.0009873973533312897,0.0017321628347765328
-0.0009242418875477263,0.0014374956836670802,-0.00023822296132399693,-0.0008898492287415259,-0.0010112244485329408,0.0017646361718219583
-0.0008434940749750703,0.001636970708180923,-0.0003634347500949929,-0.0009821646160963033,-0.0010208759384851245,0.0017708209811202068
-0.000753294602937737,0.001812880591537803,-0.00047736202309738566,-0.0010746374094883525,-0.0010325976817515754,0.001755416407331326
-0.0006505267764745289,0.001958544834192787,-0.0005790700110138018,-0.0011624429987432594,-0.00104444081461824,0.0017163236241130146
-0.0005371710199830301,0.002054760436943678,-0.0006703733168433708,-0.001236349244377488,-0.0010548062539335818,0.0016608626113332968
-0.00041046233805290886,0.0020950871855450184,-0.0007515819995939538,-0.001287980859066331,-0.0010500149499071685,0.001587135178648688
-0.0002693437445516406,0.0020851299369089365,-0.000824266786234029,-0.0013108940330150876,-0.0010195986289859723,0.001483841773949703
0.0,0.0,0.0,0.0,0.0,0.0
0.0,0.0,0.0,0.0,0.0,0.0
0.0,0.0,0.0,0.0,0.0,0.0
0.0,0.0,0.0,0.0,0.0,0.0
0.0,0.0,0.0,0.0,0.0,0.0
0.0,0.0,0.0,0.0,0.0,0.0
0.0,0.0,0.0,0.0,0.0,0.0
0.0,0.0,0.0,0.0,0.0,0.0
0.0,0.0,0.0,0.0,0.0,0.0
0.0,0.0,0.0,0.0,0.0,0.0
