-2.112061736539761,-5.222925165354317,4.789266694020623,-0.40597797453408657,2.9145471666076976,-2.1700572715907755,0.40299688386270965,-3.2425906216653915,5.453247142061806,-0.0025327872178330705
-2.0289978694189554,-4.454060676007252,4.134497004064947,-0.4549541819684209,2.6383012913634047,-2.0799055050531483,0.2881705101620068,-3.0637852423727856,4.517624533017843,-0.06647268056467548
-1.7530591609862798,-3.6209442658621316,3.439999766756069,-0.3304996632604119,2.2061776617869717,-1.947383355723716,0.2454489759011888,-2.8532650542282996,3.5315637160937334,-0.11629880238840845
-1.565343348242091,-2.824572364664128,2.7838929921173063,-0.29568618767610855,1.9853312162801078,-1.7772898858597386,0.1995369685709085,-2.6144011942447416,2.7320971108960244,-0.10526237245655748
-1.3935339078986737,-2.0468187406351315,2.144838052588084,-0.26485467059407886,1.7794711747950926,-1.6013299259979659,0.1533371464787461,-2.3652880427050604,1.9716582522110413,-0.09627317187088737
-1.223768817415409,-1.2868858029750956,1.5161688640496327,-0.23405301590346358,1.5822951852663214,-1.4358673916228315,0.11273277419476362,-1.9486668861291114,1.2444003096105591,-0.08132010503832018
-1.0624710990578403,-0.543793133410763,0.8988689157205203,-0.20468124133133594,1.3943976525401591,-1.2782875307517252,0.07567016672589284,-1.5452596767325875,0.549409106248112,-0.06564762098837179
-0.903480621015571,-1.437750078793666e-08,0.29246808021544024,-0.17714435948546714,1.2167177405506548,-1.1284852867646922,0.04959309501734724,-1.153799376701665,1.8910789548860245e-07,-0.04962211856047618
-0.7545885418528947,1.1457685116806205e-09,-1.3047552178625519e-08,-0.1512999165949972,1.0491408026250153,-0.9870660481410323,0.0265186532779131,-0.7730861473153698,-4.654331208665945e-10,-0.03366591908766319
-0.6158101291287793,1.1969875099242765e-09,-1.1658253644157547e-09,-0.12707101256740377,0.891935616845993,-0.8538102626757079,0.006500560778128444,-0.4016686908177357,-1.872456089033127e-09,-0.017866813829315344
0.38418973517696275,3.773507211840303e-09,3.442591273623734e-08,-0.3467074481078312,0.5745105905603155,0.053309158252494715,0.9311387712616576,-0.0381892256092789,-3.92316652918984e-08,-1.2509992146168214
0.3703144553832813,1.0541571957791367e-09,-1.8762571389959814e-08,-0.31088179053671117,0.4645052700437042,0.07981374627206654,0.8388093398960194,-1.3550203470933438e-09,-3.1526199675698045e-09,-1.1092538492426203
0.37995641058394763,-2.7336972170005593e-08,-9.024412008554062e-10,-0.29071990500293565,0.35056781972924894,0.11102805548570813,0.7294808420522587,1.6966361505825478e-09,-3.3723481226600517e-09,-0.9357745854570795
0.3691021339013708,3.037686785254819e-08,1.874869467009895e-08,-0.2601323757584861,0.25493278727392055,0.13230202496295207,0.6438859816245168,-2.667497088171061e-08,-3.45761895573935e-09,-0.8021089764377648
0.35816656111147577,1.3900405303460696e-09,-3.3109361728095924e-10,-0.22914724276997941,0.167343065149273,0.15176517566568246,0.5644509434054239,2.801116355916497e-08,-3.6337024316336257e-09,-0.6777464314532203
0.3467668853649108,1.4510126407035776e-09,-2.192402341918661e-08,-0.20018274687617107,0.08666625027326667,0.1683369744939293,0.4893919701688346,1.467757741250505e-09,-3.8281519780186696e-09,-0.5610076515605407
0.3351415079864855,1.5283464183923577e-09,-1.0919177159233486e-09,-0.17221364360732172,0.012965631285116776,0.18280869917432524,0.4194082699778813,-2.7877420257631414e-08,-4.0424745569514826e-09,-0.4527577065377497
0.3232670586130062,1.6114960059337434e-09,-1.157452641252553e-09,-0.14521248129325948,-0.05407807588915085,0.19528094663631126,0.3544079681452699,3.102574777611225e-08,6.459625605859642e-08,-0.3531765543369009
0.3112633805552071,-3.309414424872321e-08,-1.2270500362044755e-09,-0.11916834982318433,-0.11470951495810897,0.20601765708776057,0.29435644672266587,1.6946790620330037e-09,-7.340850578988779e-08,-0.26202187071076843
0.29914834712822347,3.6600385728202216e-08,-1.3014614735367314e-09,-0.09409155446894321,-0.16927338402506878,0.215153905406992,0.23908104257373777,1.784986846638668e-09,-4.807550874567349e-09,-0.17910641437526714
-1.10136086352632,-4.570960403370684e-09,2.8658515554914272e-08,0.5647038332838888,-1.0207717848234585,-0.6607946411298898,0.15494982538514712,-8.027430512254207e-09,4.030483395621943e-08,0.7647596222041555
-0.9534970152067974,1.910963539934364e-09,-1.7525676418696645e-08,0.5378518297239295,-0.9825494588278593,-0.5509825745528557,0.11305518471259704,1.3915732962912234e-09,-4.647113623209274e-09,0.7267165403078658
-0.8373244460225825,1.9306519559264347e-09,-1.1690157197721797e-09,0.5136348863312655,-0.986292794064063,-0.4197588592230686,0.0788019121546324,1.3899188443853122e-09,-6.214805194062647e-09,0.6628050654756362
-0.7121831093652142,6.2139643920681325e-09,-9.50722835136082e-10,0.4866808852873687,-0.9508837956730647,-0.3220014156712412,0.04399919689350606,1.5202862093493958e-09,-5.952650710345495e-09,0.62137706490221
-0.5973869711910568,-1.9058532569707116e-09,1.823229836322385e-08,0.4596987525692884,-0.9148084906326784,-0.23287608333767815,0.010115624418696923,1.6198091166893823e-09,-6.620034291289923e-09,0.5817251161596049
-0.48964811285007426,2.357376417634293e-09,-3.903055334145749e-10,0.43334907672666567,-0.8774335147925252,-0.15025695078819334,-0.018998934152232562,1.7070371763719715e-09,-7.267940133237942e-09,0.5426749988152932
-0.38979968908648466,2.5000119783408495e-09,-2.181671974455353e-08,0.40744600833318784,-0.8396400962942211,-0.07462751490139416,-0.04522389213944031,1.8091556679580653e-09,6.574990672894288e-08,0.5048274487765595
-0.2976336279893015,2.647877366077332e-09,-1.3031616790546905e-09,0.3818871006169896,-0.8015346234260825,-0.005900831478429955,-0.06894418318713941,1.920389407974691e-09,-8.299668269433252e-08,0.46827312264339943
-0.21252593741169123,2.8305596275084993e-09,-1.397118047937433e-09,0.35704561799141565,-0.7634059518343619,0.056551049057702876,-0.09002144139934798,2.046574364484074e-09,-1.019370741801718e-08,0.4333396968953
-0.1343147389685459,3.027377841517713e-09,-1.5022259992242585e-09,0.33282391631523484,-0.7254411783218775,0.11291123318811336,-0.1087328282529661,-3.529337476243059e-08,8.20162621025841e-08,0.39990078105046495
0.2035148743148204,7.0267707960698204e-09,8.988171507092294e-09,-0.024899720756692306,-0.111634927822401,0.08628503153027456,-0.7006714200429807,4.6301079214100714e-08,-0.6739679398721639,-0.12367624948974817
0.2544250584393513,3.736390126781602e-09,1.7667966428208125e-08,-0.008223074172049576,-0.12304481402826205,0.11548548922442019,-0.6597411570533442,2.6653682489217636e-09,-0.6569074430379008,-0.10694316367280914
0.24033055344730053,-5.2888197679299496e-08,-5.293595535220248e-10,-0.03252215922825622,-0.17735943022942083,0.15217497738185914,-0.5920046351297151,2.254222837678181e-09,-0.6217292063865301,-0.0911857805838557
0.27127563368700586,5.850667808025143e-08,-2.1872178291521883e-08,-0.023876920815351664,-0.19338559038085829,0.1788545881959965,-0.5477351292779599,2.8340753298806787e-09,-0.599225520121638,-0.07462049621419355
0.2990689572611095,3.890738383061036e-09,-1.6260988378635267e-09,-0.01592893304992391,-0.2070713478373425,0.20150365394258607,-0.5079658906579841,3.009019003312971e-09,-0.5808346444268128,-0.061593275333692424
0.3215054907274601,4.206714988553942e-09,-1.7606974916363168e-09,-0.008966795917164955,-0.2205823216341552,0.2235331705320211,-0.4671333007707134,3.237695649354275e-09,-0.5590331522901564,-0.04660336693761984
0.3396066101005985,4.530510270443378e-09,-1.928201264112553e-09,-0.0031219259079735186,-0.2332380103708888,0.24371662127755223,-0.42777489902546867,3.464483916535786e-09,-0.5370360910438232,-0.032069601147537506
0.3543565292236918,4.919813047874256e-09,-2.1176525577614824e-09,0.0020687959297103317,-0.24461355850130195,0.2620617662200028,-0.39014308846034756,3.7028909399078482e-09,-0.5151505151848521,-0.018158256493636712
0.36587472927288983,5.308352972003967e-09,-8.203539652184222e-10,0.006573847006667077,-0.25482722293788995,0.27865719071876494,-0.35435817454771656,3.993966394470799e-09,-0.49346218502014666,-0.004940160488784383
0.3744757370488585,5.791001316994463e-09,-2.316727608515578e-09,0.010485506054803901,-0.2637227982673768,0.29375475495493825,-0.32036562702686266,4.331060394315668e-09,-0.47199997317038717,0.007763009221205319
0.96587137138258,0.4719788203948516,-7.843867984366486e-08,0.21450901377466536,-0.15712944915449883,0.6884563758795312,-0.8492138797981378,-6.515055803902822e-08,-0.16596929732436944,0.19214063205288714
0.8923486132922793,0.45801640153006534,-8.167487655869234e-09,0.18745572238495065,-0.17840498434869384,0.6543709210493669,-0.7505877775753831,6.002014848668275e-08,-0.17876076205985075,0.17492665550762604
0.846366414237639,0.45887117221898327,7.924083666626288e-08,0.16562762551817978,-0.17903797225871576,0.6578374978082896,-0.6339967025265905,7.905036142228176e-09,-0.1722819640542861,0.18472588392439107
0.7811762720732339,0.4469063092098612,-1.0052024991790131e-07,0.1425334460028655,-0.19441937989659827,0.6275600607013827,-0.544885397334347,5.791331967289322e-09,-0.1787857576310827,0.17316251366495347
0.721154048729182,0.436858202236034,-1.2243928330732505e-08,0.12369211874066183,-0.205107255034036,0.6008662710761861,-0.46024661794585414,6.695352454944944e-09,-0.18021633440457363,0.16388205620301263
0.6613830177103746,0.4249743986654284,-1.4214823601614248e-08,0.10472293000419201,-0.2154522715345561,0.5721404025866988,-0.38379346306930284,7.354569730934231e-09,-0.182947390431856,0.15390179670922158
0.6044758377372429,0.4133380648325385,1.070147878593004e-07,0.08765510212644925,-0.22358730520118672,0.5445472982809223,-0.31306703513777867,8.42884446777489e-09,-0.18370733710117146,0.14487329747028696
0.5497929267600884,0.4014562591426441,-4.3066403443337196e-07,0.07195321319685087,-0.23003351362792762,0.5172249092519163,-0.24878596149202914,9.456982037841823e-09,-0.18387382212380007,0.13619293556969897
0.49752799684348736,0.38946849380702003,-0.02493183345580919,0.05778002096997083,-0.23473277157244773,0.4905787836368905,-0.18995493266567523,1.092218918087721e-08,-0.18295842236515467,0.12796026086621246
0.44786444797704805,0.3776347985774989,-0.09332692342232196,0.044960687134477005,-0.23791052526686304,0.4648232686808713,-0.1368084493272358,1.2571004144850206e-08,-0.1813955924399439,0.12036848143714074
0.3697203558317566,-0.20673326268560002,-0.032163656843731625,0.34280084703292646,-0.6640404326172689,0.18080592499968554,0.23728839750796865,1.5268809486981606e-08,0.13666660648415965,0.29411488907100364
0.3327117410859773,-0.15310641412145382,-0.09178832401013484,0.3042977693717161,-0.6087147368710779,0.1851467526065266,0.2255292183329826,1.289892831606751e-07,0.09341156982985888,0.2695400784703829
0.2825635699394222,-0.07965872713480165,-0.16048517295940104,0.2465266683758814,-0.5384751256916137,0.21358754052624382,0.23040086039907448,5.456918574418742e-06,0.038016389389547045,0.21753355604713362
0.24701194509707464,-0.03092102913844491,-0.21160180897490882,0.21017441261033307,-0.4864307887544482,0.21941903942467733,0.2204956893651699,0.06291774725283276,-4.411247410234424e-05,0.1923808463454132
0.21336747182196186,0.010880920151093333,-0.2579739369826253,0.17799074614651703,-0.44050876423492874,0.22286623458721863,0.2087473299818866,0.1287578758971902,-0.03302271650621913,0.1719735828284112
0.18155134688349206,0.05078542606355098,-0.2993042144297614,0.14753885196344727,-0.3958953417611623,0.2262097100938256,0.198027774320764,0.18777184161093932,-0.06309230678029043,0.1517733486094598
0.1516168637575929,0.08729355945966602,-0.3360111340498179,0.11939871332000458,-0.3542181400996943,0.22864033961950708,0.1875462889247717,0.2404808572844548,-0.08972069236859552,0.13320200850573574
0.12372564316946527,0.12027953903328813,-0.36827342870032287,0.09380022075663383,-0.3156085014159875,0.23009640931524478,0.17715607810508394,0.28756747467689703,-0.11293773079646903,0.11656212136577075
0.0977772305644673,0.14996789359186036,-0.3964187056127119,0.07051752966458236,-0.2799497216865012,0.23067181682928217,0.16694466961942406,0.3293065490329121,-0.13307476919330752,0.10162435733115095
0.07373484257449414,0.17656092335537477,-0.42072065178594625,0.049402203665329845,-0.24710246368236793,0.23044750201700517,0.15696965861916085,0.36601506392303695,-0.15037328417429247,0.08827197931813185
0.07194383688538843,0.2274740153122938,-0.2298004580646179,-0.07371503648522312,-0.24549248278130612,0.2829437519415043,0.1988232834152499,0.3736097708979184,-0.32286186768290737,0.03628138914293223
0.04750378441151049,0.24363987258352882,-0.29234275154563005,-0.08562409595698571,-0.21639079334826408,0.27816917043837547,0.1882240099813569,0.4082459197820562,-0.301174597164202,0.037559467384300604
0.019569158566176876,0.2666716534627477,-0.3511564712954255,-0.09898027165231545,-0.1894580789121633,0.27272235178618154,0.17289194043817196,0.44160502564365234,-0.27617742137862467,0.03011042135099102
-0.00041340579641069715,0.27978812235305234,-0.3990177232603265,-0.10681202576582206,-0.16506178060335572,0.26657114840812635,0.1621605795473894,0.4661907514766751,-0.2570716606344606,0.030433469722023973
-0.01836555318844299,0.2907780303037439,-0.43958517482325477,-0.11314452824118283,-0.14318987305797862,0.26005717745639706,0.15185217748950555,0.4858524550122768,-0.2401873141993729,0.03080192332608187
-0.03417654722169064,0.3000062305960139,-0.4743036056826236,-0.11789776490130292,-0.1231814098217171,0.25300196981895395,0.14179938356304267,0.5015947544398301,-0.22411150935703042,0.031241897439517236
-0.04809860979592724,0.30749421416855777,-0.5032724791137692,-0.12134816040970016,-0.10512821165246619,0.24556460043708303,0.1320869348942751,0.5134424066251139,-0.2094066776451989,0.031683382758743744
-0.060179148566454496,0.31333730722399294,-0.5268516701106625,-0.12357990544749724,-0.088864249477845,0.23787368943051024,0.12280882441248843,0.5217194484482341,-0.19603242596776016,0.03223255153800785
-0.07056225536353505,0.31764957254709103,-0.545484976630917,-0.1247501273068315,-0.07429438432994974,0.2299866366052399,0.1139595238345179,0.5267352015855865,-0.18394492913567304,0.032840150101255995
-0.07936438413553187,0.32053552671989066,-0.5595752004312294,-0.12498161733902244,-0.06130631022916322,0.22193802788852884,0.10555932976546926,0.5287725815997344,-0.17309755537342944,0.033476693314874545
0.038397287766976096,0.26499514977825134,-0.5882651582549564,-0.07496483343592819,-0.04005859572123251,0.19427323759375908,0.14182489603668144,0.5081205115304427,-0.1439689184509438,-0.08187274882618599
0.0270792201686014,0.2731132172026238,-0.5868213646076975,-0.07741230622487454,-0.03777118187046195,0.18364442599785963,0.13305031660543068,0.5060838027145109,-0.14269745665796085,-0.0720255254308543
0.019072247297603706,0.2802156221812538,-0.5833847420492069,-0.0746913386637259,-0.0331609541492308,0.1704796841261708,0.1241087953368187,0.507448808489373,-0.14646089082115085,-0.06126880984582556
0.010049580314682638,0.2848813096848173,-0.5776681447171091,-0.07528495589138028,-0.03051420139653641,0.160437048147074,0.11550999413183816,0.5025118571929734,-0.14563827376595534,-0.05228928535202538
0.002168591066695346,0.28767528326521175,-0.5701076769000155,-0.07533126182253178,-0.02762429731842092,0.1510380384437969,0.10735878303981261,0.49607126257312606,-0.14429156791586217,-0.0441049965311547
-0.005144322899294068,0.28919055592015236,-0.5609630194004981,-0.07499219816534818,-0.025012931395099143,0.14217904268512668,0.0991496179223572,0.4881303255778497,-0.1428742698285733,-0.0362589800914227
-0.011713104102420714,0.28938509912782673,-0.5504232953128517,-0.07426228065748042,-0.022456503398643357,0.13386548293349795,0.09116989644385087,0.4789617092042095,-0.14121042265099426,-0.028914171078732166
-0.01760711487982723,0.28834486744753196,-0.5387084795113177,-0.07325981058999882,-0.01998466287200354,0.12607377655787047,0.08345606728022786,0.46868889685297954,-0.13932947682839233,-0.022097651684518885
-0.022862447775954815,0.28619480431044014,-0.525997104859609,-0.0720195092533453,-0.017603559887979063,0.11878348003008231,0.0760331828456093,0.45748098073862814,-0.13728242582435707,-0.01578659095326273
-0.027527936086023903,0.28305201205934066,-0.5124545345723147,-0.07058441529947664,-0.015316366899479322,0.11198363254978315,0.06893930678129734,0.4454728267559954,-0.13510376456202547,-0.009970373594891094
-0.16517982643830906,0.3912036500527494,-0.5560280719356782,-0.12018784779185403,0.012899237466581533,0.21634605815262287,0.023670689301481283,0.4358782966963181,-0.17584667604308848,0.051765546416383666
-0.16237707983909014,0.37626039677732315,-0.5390535232675532,-0.11447061570375833,0.01457038855873109,0.20721840864236052,0.020255617114194074,0.42197755992176855,-0.16712282801475709,0.05448121158117829
-0.15460363993958204,0.356174189149272,-0.5168842638614741,-0.10794507302257308,0.01285307000484776,0.18968697617053468,0.01780692873828974,0.406545632967028,-0.16355119723510533,0.05177361079556292
-0.1496071173686755,0.3406832481485656,-0.4979650615037541,-0.10226777760942173,0.013259577308147147,0.17905228763711606,0.015244042297659691,0.3918501337049975,-0.15636579426076713,0.052491675557282416
-0.14471290635795497,0.32562060213831606,-0.47930034102640057,-0.09720126674080758,0.013531389386250276,0.1688309039894747,0.01242772804702605,0.3766663732796515,-0.14950023023614487,0.05278438158395991
-0.13903200477909652,0.31081364987321763,-0.46017944628699586,-0.09205977531424091,0.013492942793359962,0.1585955826233188,0.010140334423377808,0.3616952634453218,-0.14293046734429696,0.05267869118409182
-0.13303487898835237,0.2962985653764366,-0.44104328017934424,-0.087152307397141,0.013207439090385388,0.14848685411225707,0.008050224991242421,0.34680768374070053,-0.13670950243275157,0.05221680182301923
-0.12677390480394904,0.282149255382756,-0.4219780086093176,-0.08244756686865339,0.012774553206022951,0.1386345595967858,0.0061617860819295975,0.3321587875887015,-0.13077738745634757,0.05148419035852724
-0.12033501267403258,0.26834347524158186,-0.40308365659345996,-0.0779965568405182,0.012183402278229978,0.12901410665774884,0.00443581274195632,0.3178084886473575,-0.1251879999425946,0.05049634105134105
-0.11376395219876799,0.2548859459965417,-0.38443785007068476,-0.07379985933400242,0.011458808076711666,0.11966853211054079,0.002877167900836059,0.30383559130043325,-0.11992882657322314,0.04931135724763561
-0.047156924701770506,0.28534005279989094,-0.30021250422063256,-0.004534668402349547,-0.09691788994576293,0.04405722468346544,-0.03016312575612961,0.2505486934790159,-0.08782362118536358,0.07378455481649585
-0.04533846512528667,0.2690094251364936,-0.28722610329125137,-0.005993792438583833,-0.09055145311358993,0.04092547369268091,-0.029788927642365043,0.2407808924726191,-0.08549860562739812,0.07192166681535109
-0.04418666863241587,0.2558126988728279,-0.271178942796518,-0.004363982427739326,-0.08368231595371103,0.03931943139904724,-0.028396031132635488,0.22975227968125486,-0.08291184042735644,0.06658932511433632
-0.0423297930463235,0.24086513623737288,-0.2582806999922975,-0.005207910041215763,-0.07772125913162142,0.036884731736277966,-0.027746234655354435,0.22058571915646583,-0.08102512084426727,0.06390079620941452
-0.04022085423194636,0.22638801138279793,-0.24551177300708485,-0.006041687804975328,-0.07210411786909929,0.03441092970731776,-0.027110155976401883,0.21201023988188558,-0.07930098476776756,0.06136880807928082
-0.03815999234287238,0.2123425102828271,-0.23327382775340116,-0.0068596591686846484,-0.06673955896868349,0.032194015963115816,-0.026458966425366947,0.20373543243340472,-0.0777557447007537,0.05869634032757076
-0.03605771577435466,0.198776195041583,-0.22141949401573752,-0.007645950105285045,-0.0616638722350042,0.030112336577568687,-0.02581686990137287,0.19583799545327432,-0.07633256542628147,0.05604485454506144
-0.03391391892361703,0.18567140106788793,-0.20994922699373753,-0.00842558362876823,-0.05688268516837711,0.028134631295500392,-0.02521289478600044,0.18831281590555113,-0.07505553592571072,0.05345050460958597
-0.031733017952520724,0.17303924586979286,-0.1988614201485429,-0.009196204269429145,-0.052390810376320575,0.026258107129844138,-0.02463951973040077,0.18114151918177543,-0.07392486604066068,0.050922305519233775
-0.02952914223676647,0.16087790346516642,-0.18815205998166168,-0.009958513979731529,-0.04817790585891128,0.024471490209894628,-0.024094550529902257,0.1742999080463112,-0.07293845106886288,0.04845255921792685
0.03596370416812135,-0.0654958932867475,-0.18638832383816867,0.002817328529883237,0.018933982052551656,0.07010264472989566,-0.014826619629076443,0.08059009438291903,-0.12043122157481462,0.18304428685352703
0.03235940245681647,-0.061040766510984674,-0.1757010867292505,0.0005799451451324022,0.01914401224960636,0.06498171894598717,-0.012932146768737201,0.07992149276184239,-0.11554151916883502,0.17046600664203046
0.03446665330071019,-0.04927254922682521,-0.16688736468816637,-0.00011906159780647018,0.014250676138633749,0.05403963421830391,-0.020217693985164584,0.08154171885151949,-0.11045867492809852,0.15533462837784132
0.03223276460754264,-0.043596764681383085,-0.15728614812284936,-0.0018927402748089752,0.013277873406104326,0.04844959943817407,-0.02021114461237568,0.08153140795841471,-0.1059710759632091,0.1432094197862952
0.029782243525759495,-0.03884291096818533,-0.14770881274036018,-0.0041374643253914946,0.012244142372430815,0.04352855961552713,-0.019865897658400807,0.08093750439002166,-0.10204462480038418,0.13181080060712105
0.027673504787504678,-0.03378170706022807,-0.13874848054930283,-0.0059597294756021015,0.011139794525848682,0.03867330668702208,-0.019760319620341395,0.08075895791489969,-0.09812123021940213,0.12081205056689674
0.025706357936474158,-0.02887468515060535,-0.13024222576669942,-0.007672512134440229,0.009972544468542774,0.034022475621810315,-0.019734653499111205,0.08056773134757403,-0.09440656179248494,0.11030010041967792
0.023829798616538934,-0.024183709762512717,-0.12211802140637969,-0.009317528160015725,0.008805911780637523,0.029670812343609437,-0.01968904596307762,0.08033281482900537,-0.09090199741572084,0.10030044221925626
0.022050313812595094,-0.019702987103640116,-0.11439333377517431,-0.010872978151293082,0.007631366852371225,0.02557716230752012,-0.01964336411655791,0.08003546646308217,-0.08760910015844385,0.0907904723578545
0.020373061376509943,-0.015431663765408412,-0.1070570661984124,-0.012329493207117815,0.006466678210718538,0.021734313414553987,-0.019605460185589847,0.07967524592507703,-0.08450757503797672,0.0817699677861872
0.12315051916924499,0.04567789991728441,-0.18093973564459107,0.00394338356349913,-0.009286481288654074,0.05274824896280552,0.02084146105815621,0.08896632984783907,-0.09349055173826268,-0.06445052874024493
0.11442646674399043,0.043777399722194965,-0.16618526620732446,0.00024148280901714904,-0.007840528104694601,0.04706917805348044,0.017210802155157297,0.08807740411569523,-0.08975144782844195,-0.062280905186380145
0.10458460748041819,0.04088606487901022,-0.1492653574574151,-0.0016411272395968437,-0.00854803316859933,0.04274306997522791,0.01338648292364069,0.08513084302696754,-0.08699154617664268,-0.06271421335327391
0.09641956380103771,0.03898432967097368,-0.1357783892234739,-0.004591155152462694,-0.007795722841345474,0.03792420987048517,0.010064713165654613,0.08372993144806055,-0.08376424949616473,-0.0606806482385627
0.08878622515119987,0.0372970119965093,-0.12326692909909547,-0.0072443958366821305,-0.0072551590114061214,0.03335729238747695,0.006871489625871213,0.08219894104434576,-0.08064880272389964,-0.058552905658463834
0.0814536138330361,0.035647923301778774,-0.1115225811436349,-0.009739523395803558,-0.006802434425775496,0.02906952447303169,0.0038479742568309962,0.08066139380246858,-0.07774831842971579,-0.05631104123165062
0.07449861115684,0.03411967881455692,-0.10057926595051611,-0.0120312874482878,-0.006470959962935941,0.025031992880468597,0.0010011946580277388,0.07906543751410017,-0.0750061334612071,-0.05401107744584215
0.06792090146230022,0.03270755245766656,-0.09039853958808661,-0.014136197777269785,-0.006245371715503887,0.021235646043353863,-0.0016714410871716476,0.07741842848889813,-0.07240564392146688,-0.051676213465719496
0.06170791066587954,0.03141143638794578,-0.08092326407874692,-0.01605694747899943,-0.006117040489565705,0.017656435561660553,-0.004172441924750784,0.0757290763582208,-0.06993620204157253,-0.04935122399844618
0.0558442792968578,0.030223556391280826,-0.07212277457543087,-0.017795159149691552,-0.006072046984651381,0.014281976724085483,-0.006512722069442787,0.07401376815453303,-0.0675860539111856,-0.04706952772253177
-0.2411055939349164,0.07110882344086364,-0.11365200399439794,0.007882646699390561,0.04899210627378297,-0.15119091269832646,0.05787683802396815,0.1964110821415704,-0.05416984273602958,0.08929729666826135
-0.22509491839663653,0.06802553631701812,-0.103976039954398,0.0052388036562525065,0.044601167246926976,-0.14116077545870973,0.04972390418197006,0.1859466654087983,-0.05376421440931836,0.08317971873186415
-0.1974303007654369,0.05720426840281257,-0.08625814765685359,-0.004071606815051797,0.034942355772815736,-0.11873978634944618,0.0369330359880549,0.1628258252998274,-0.05027455405961422,0.06703561317639105
-0.18002108930363095,0.052975740617832175,-0.07622681917082447,-0.007613542512549493,0.029960800657386367,-0.10736117529183169,0.028831020492132122,0.15070155386508474,-0.04934860811507207,0.05944085622186194
-0.16445466923263397,0.049204146262553754,-0.06762734528545233,-0.010630016847701169,0.02579845864442016,-0.09766089970826952,0.021061256514957362,0.13998190483021475,-0.048667980490244116,0.05254822476885677
-0.14859041875772325,0.04539843932996181,-0.059072185666017296,-0.01364649123268323,0.021547330343972267,-0.08775353230962929,0.013868060968962656,0.1291044863270215,-0.047877006074476466,0.04567291977897624
-0.13326208017229088,0.04169023233665798,-0.05105472437626588,-0.016520537797002455,0.017514250530435198,-0.07836133848734854,0.0071436869114492214,0.11861196984297068,-0.04712688985982183,0.03908549580161979
-0.1185916345110058,0.03816849674184055,-0.043635153490512814,-0.019174172773351386,0.013781835753192131,-0.06958532074487525,0.0009336496402218996,0.10867754350363719,-0.04642144886331002,0.03291787604003657
-0.10458575176713218,0.034794863372991855,-0.0367765503826506,-0.021631495326822354,0.01032194034989612,-0.06139961833679794,-0.0047965225298368126,0.0992528467000811,-0.045762865648124366,0.027158859599926012
-0.09125199955067462,0.031568877860185786,-0.030449765594269124,-0.023889818937490055,0.007111146355560315,-0.053793109984446655,-0.010042263343022648,0.09034673947211605,-0.04515136127314931,0.02178790046827785
-0.11890250000992243,-0.09038067628319081,0.11769824830724554,-0.1305416217591987,-0.0035872462552170525,0.05144122575601981,-0.09450059970056489,0.029843300276164556,0.055096524837229405,0.0591766603980871
-0.1051209219090362,-0.08041320978416679,0.10827055049384053,-0.12354837223365128,-0.005101523557638866,0.04666609056966137,-0.09046045629097374,0.02876401828189498,0.04632715880485969,0.05175690064990912
-0.08364948233164893,-0.07266716684182199,0.09174737694727007,-0.11047314652885122,-0.008418723368014615,0.04227995077174129,-0.08003702329716311,0.025217993302781,0.03387836937465552,0.03499059040480146
-0.06991056486296188,-0.0638312866194621,0.08174455631626885,-0.10284577759313011,-0.01010417981172395,0.037637897561500676,-0.07521646768500068,0.023893168177106305,0.025140232163281054,0.026910461904507674
-0.05735953655953629,-0.055711562280249115,0.07276111004081054,-0.09592248779624518,-0.011817598687934016,0.0332943365640013,-0.07103274008133281,0.02224717655782167,0.017465515710009566,0.019586452533205744
-0.045258934435372794,-0.04786467892485407,0.06381988028377757,-0.08895306833697685,-0.01343530551961117,0.02888368143311194,-0.06675560004038324,0.020911855082850254,0.00986009898970112,0.012572702767975924
-0.033860017972806106,-0.04048586608615537,0.05530552757006869,-0.08224281120954721,-0.015001487815212496,0.0245894225474339,-0.06266486890999876,0.019625287172406868,0.0026903033393668022,0.00597651666756418
-0.02320976908528778,-0.03353769554280292,0.04728177855102177,-0.07585150878665224,-0.016509099599913587,0.02046351740229049,-0.05882181809482158,0.018386457800245674,-0.003980515079943142,-0.0001406651757615798
-0.013280390068977679,-0.027020047793983478,0.03973127562610036,-0.06978475441692071,-0.017957808713334918,0.016537160480393706,-0.055224464383861534,0.017185913682936295,-0.010180853516341104,-0.0058194606234909865
-0.004057070206174981,-0.020927484421223528,0.03264709594462795,-0.06405476965385638,-0.019342458832944925,0.012799690054279429,-0.0518771876981351,0.016023293173149458,-0.015930735396538886,-0.011062163671948278
-0.05901691536005304,-0.08794328586607135,-0.13326360849056396,0.0008956252986355108,0.01722281682715742,0.001775059407775821,-0.04877804072650781,0.12046600273237265,0.018363925744591846,0.001101603969899305
-0.045231539019647334,-0.07335323832201679,-0.1222713432249246,-0.0010473351005397698,0.012676865087642224,-0.0012022115366779535,-0.04592236643791585,0.10882665790178471,0.008150509143949393,-0.003874254729258418
-0.028232173640445845,-0.058994360998311075,-0.10643814993597721,-0.007999879606926828,0.004443446696879704,-0.005738719598416945,-0.04814813748281979,0.09311122201567017,-0.006372012892655673,-0.014341571904831282
-0.015651481248817448,-0.046241904523880654,-0.09556886449718048,-0.010384180649553525,-7.046014557657784e-05,-0.008491276331236369,-0.046394594599202546,0.08198314093980263,-0.015715318247787474,-0.01946452553572248
-0.004650855027396959,-0.035070009573389384,-0.08606460113101443,-0.012585516181140144,-0.004435948204464437,-0.011303755029458887,-0.04497474845667319,0.07137331263314864,-0.024497979950243658,-0.024219718203106214
0.005893863829051442,-0.02440525148421677,-0.07651485410621657,-0.014575755072765113,-0.008381316743143487,-0.013713407003844645,-0.04364565103289763,0.061510247460739374,-0.032378386090922556,-0.028590331335551385
0.015518743958114044,-0.014708429136136866,-0.06753852812222402,-0.01642761665657956,-0.012076960610361724,-0.015979946251928216,-0.042558218512662234,0.052236561844027585,-0.03961452847134249,-0.0326570798335022
0.024300418261340863,-0.005847291582564004,-0.05908273900788049,-0.01803915246118756,-0.01543208280845623,-0.01801871314709822,-0.041590451481139525,0.04364988031990385,-0.04608103412316654,-0.0363257550560612
0.0322350671253024,0.00214823006779521,-0.051186465568210104,-0.019469153958807436,-0.018500484242227434,-0.01985669853982436,-0.040784654985923555,0.035689171452888684,-0.051837206084822236,-0.03967552745566372
0.03936467889241535,0.009320510532967775,-0.04382352528316521,-0.020708196333199175,-0.021278657887685994,-0.021484357544434562,-0.04011439749835569,0.028331706710751015,-0.0569286254895095,-0.042731675924307364
0.14808901564649937,0.13571287495805265,0.012693938001999206,-0.034284554862042446,0.03294018779615036,-0.02402224780316384,-0.09072515240328378,-0.011544300367401745,-0.17277380729036634,-0.030404902621905778
0.14262813527827709,0.12707602022093523,0.013460995349772024,-0.03336757268102418,0.027321939939188127,-0.02492313645826118,-0.08449594631147524,-0.012991174500319419,-0.1639450869018195,-0.0350155540422647
0.14254168473119141,0.12316571002764198,0.018703756612079726,-0.026465627237513917,0.02687636565421035,-0.02168485856839487,-0.08257797176997404,-0.014695326993434604,-0.15660968141542833,-0.036477893910234635
0.13787214183231083,0.11565560535088054,0.019834756161900526,-0.024675181608041104,0.022653887911269252,-0.02188588928173597,-0.07768023045465652,-0.015903675739182735,-0.14868803984034012,-0.03994783795039324
0.13374309486959943,0.10908576166775394,0.021271507223483175,-0.02244695353714906,0.019031778511830213,-0.021531397434186146,-0.0730555364376936,-0.01663701932002975,-0.1411543248674333,-0.04244548340657868
0.1292129062480421,0.10228392610055106,0.02220735054910021,-0.020644062552271945,0.015433962841777869,-0.021536177344261723,-0.06875922478391412,-0.017483484901874936,-0.13394940047782372,-0.04494339793663192
0.12475122198604843,0.09582259394138196,0.023058818229086772,-0.018842202500998082,0.012101467118881454,-0.02145795677486606,-0.06471510730658843,-0.01817135468200535,-0.12706408760147322,-0.04698449698662719
0.12027092102838342,0.08957996870822718,0.023724046831152614,-0.017168465114633078,0.008965948315580584,-0.021423317765404334,-0.06094072247534767,-0.01878531251724909,-0.12051209093146545,-0.04869768433846763
0.11582792327008565,0.0836132087192063,0.02426733443999552,-0.01557008050313574,0.0060458663754740525,-0.02136612672383732,-0.0574002805065536,-0.01929988321385471,-0.11427237335681874,-0.05002755351671787
0.1114247378977261,0.07790162634329968,0.024688361647171066,-0.014072767297841772,0.003329366923631086,-0.021308085915764496,-0.054097698521965144,-0.0197357530493616,-0.10834768828523347,-0.05102923099062855
-0.008764935367896567,0.10732746128403817,0.02939503855650999,0.005526122524024225,-0.07854561897169969,-0.006780228381330584,-0.051014228336502807,-0.018978922729823596,0.040548898257719936,-0.06727834595856688
-0.002532383265413363,0.09958813277258687,0.027710724924964174,0.0053701908377554175,-0.07668709378898815,-0.00751177777204576,-0.048129458088433545,-0.019106463736579454,0.03371103303336677,-0.06557208908672235
0.00615766167408555,0.09362609745848012,0.030549749310503055,0.005857368075663918,-0.07343527964426429,-0.009709111651595477,-0.04138294368801672,-0.02021232111810959,0.02305997750787512,-0.06665476437177847
0.012068825093761726,0.08688257408192088,0.02976951813917288,0.005760273773034664,-0.07107338734558166,-0.010645759226012968,-0.03813179740124777,-0.020415821149059155,0.015936538731408698,-0.06541402476560988
0.0173736002997284,0.08046522278610022,0.028733179496205394,0.005557019721012998,-0.06875555987781108,-0.011383381505038388,-0.03533716889614113,-0.020435165510975486,0.009407723318475125,-0.0637730264875855
0.022398908056526556,0.0743840458620635,0.027872514565594475,0.005376486725168214,-0.0663196229123651,-0.012156305909371405,-0.03257835979332242,-0.02054466486020454,0.0029524830137715253,-0.06235730884462807
0.02704556305670368,0.06861658763222613,0.02704511977656101,0.00518768398147177,-0.06384245707092577,-0.012870992140937905,-0.029974305089479538,-0.02066175949667922,-0.0031635280115247066,-0.060936384199935516
0.03127530922108062,0.06314475953468536,0.026201954234102088,0.004969624776781467,-0.06135905870397038,-0.013527038378232522,-0.02754825198202298,-0.020783518064362752,-0.008910082332785186,-0.05945838559947933
0.03510866745615323,0.05795522832824036,0.025344225089335613,0.0047322400659288106,-0.0588741031127202,-0.014136957582164619,-0.025271621299660364,-0.020925562022698536,-0.014273576185991425,-0.057945747933495946
0.038564798678345835,0.05303801522420323,0.024472263467155447,0.004481511580810581,-0.056402449005809506,-0.014712325435347774,-0.02314889161428057,-0.021083411200827424,-0.019221989982740256,-0.05641470055304716
0.20724308914354353,-0.002143869935797235,0.06717183383534474,0.018060688364528354,-0.091772584260451,-0.017344497061176082,0.038462580998042256,-0.025442635280227926,-0.06772569519176942,-0.07592551376773408
0.19641702736502348,-0.0033647070638172082,0.06193495550899036,0.01664090814671307,-0.08556914976332841,-0.017566671591495994,0.03652052856215252,-0.0241608772195822,-0.06529971136618286,-0.07211001589881631
0.18566276982386512,0.0024807470680841557,0.05911216573990369,0.01461859485553645,-0.08022510919064503,-0.01665397073752582,0.03288397846203341,-0.02411815523016628,-0.06585294648808311,-0.06926509407327308
0.17546610239306218,0.0028962887078065797,0.05470988430106181,0.01320118088206462,-0.0744866916062604,-0.016636133829207523,0.030638280787656128,-0.023155550396491306,-0.06409375641956784,-0.06600643762903448
0.16592313794808963,0.003360264652351126,0.050670651803875075,0.011875440537974576,-0.06901973600580384,-0.01671455184197641,0.028686606776038712,-0.022303104883099334,-0.062257799159406935,-0.06298778616860012
0.1565338804881113,0.003988722036070209,0.04675612021039235,0.010625781473893571,-0.06376178042539432,-0.01670779267465017,0.02659438760811914,-0.02146457559759118,-0.06060132307108957,-0.060121241207621044
0.14748738060093225,0.004739566191516406,0.04306601321569093,0.009453331056471564,-0.05873025394158013,-0.01666812815235019,0.024523669724112986,-0.02064986945209497,-0.05901377397517977,-0.05742573047456299
0.13877401545171503,0.005554869594646231,0.03959164389496308,0.008363180630199838,-0.053933490398386255,-0.0165933429836671,0.022486026296773935,-0.019881344089535586,-0.057483692789446324,-0.05488984729024869
0.13038926033589252,0.006425074191872197,0.03633697997920892,0.00735586504442494,-0.049367313984688355,-0.01648654559448743,0.02048316317844115,-0.01915279737878388,-0.056010924641198064,-0.05250480664506361
0.12232717551507791,0.007333916807126283,0.03329947245836108,0.006427230814647689,-0.04502457897245155,-0.016361803411537323,0.01851538793577614,-0.018465740483170446,-0.05459105544002729,-0.050263004790565856
-0.1137641285560458,-0.05203698373429501,-0.008085690480463524,0.040067333722433006,-0.010575266311396265,-0.01896587915746639,0.0065508503290263274,0.006972492465167136,0.008860957996409232,-0.007863516185514528
-0.10339895074518307,-0.04733670581792141,-0.0074326944707419846,0.03807184861887205,-0.008737710624915036,-0.01753776950630577,0.0053123591888149845,0.005512016107252878,0.005722411866137384,-0.007801523410105418
-0.09054837821866943,-0.04487166685490179,-0.005232209638173115,0.02951172531431074,-0.011939402587954668,-0.02173901709009739,-0.0020850632338830313,0.003807253814906846,-0.0062464405094277385,-0.016111693483832314
-0.07994975093658914,-0.04054625096951055,-0.004217814964553594,0.02647219462798763,-0.011131136377977847,-0.021364467993601418,-0.004180106706432238,0.0023954796805222213,-0.010582224595851767,-0.017682542919779727
-0.07085896312650838,-0.03688682287097376,-0.0038889475605286875,0.023635443702049303,-0.010916363976055365,-0.02118425610758594,-0.006274782692784531,0.0002224045371571407,-0.014954442528282194,-0.019613533416247532
-0.06125088127235636,-0.03289330199403559,-0.003146605875965366,0.02087838820938668,-0.010407041995372013,-0.02093219113220787,-0.008132896588148178,-0.0013952721585099308,-0.01892468658401034,-0.021292882369826276
-0.05206593586268769,-0.029093914685731182,-0.0024606636979309492,0.018173670431001064,-0.010069978951537264,-0.020823314700092178,-0.009958816831693596,-0.0030418500457576785,-0.022775400625517372,-0.023034213611442884
-0.04324892231221296,-0.02535812248948647,-0.0018052931770607033,0.015622368460343943,-0.009768747116180445,-0.020705952376025245,-0.011613384997219901,-0.004668850886419957,-0.026351425038200902,-0.024686139671091685
-0.03485974744233547,-0.021749789150030292,-0.0011980927791377584,0.013196604909002426,-0.009548765322616695,-0.02061810382065236,-0.013151635564402438,-0.006315561428618369,-0.029698832918831894,-0.026279632313890255
-0.02689497186221741,-0.018256884675711682,-0.0006278446217594005,0.01090891656636176,-0.009379538570429759,-0.020526825024302094,-0.014580530971205026,-0.0079636278220757,-0.03278738942780491,-0.027797922323975564
0.04055860064511226,-0.012184954672152425,-0.004242588490485809,-0.03802688086737683,0.06895743810690635,0.007717447301447963,-0.014744035845675517,-0.0519689118767763,-0.05461021308854049,-0.06007851630561339
0.04119142114006886,-0.00884503617644595,-0.0038564644532405375,-0.03709341683606987,0.06438344586017943,0.006166990136879688,-0.016856623585240416,-0.0497360870604457,-0.05495894326519138,-0.05710454549052933
0.03853085079950959,-0.001473750260656343,-0.006378975152668474,-0.033528939422583046,0.06007139055471735,0.0032479615015486253,-0.02016972783465686,-0.04724926538827141,-0.0546837738483215,-0.05573575716305321
0.038379049108657554,0.0021823728874894466,-0.006463808942896923,-0.032156242488695065,0.055883725303403034,0.001510933119440702,-0.02214302766427698,-0.045151724003955854,-0.054759634374981714,-0.05337078126076399
0.0383319192767446,0.005380592318597729,-0.006341047540125251,-0.031076380591608863,0.052017327616385306,-7.396327795326083e-06,-0.023900329947985025,-0.043302517854856885,-0.05484249402342011,-0.051287330043952715
0.03807748054481561,0.008532719650938424,-0.006318199944431247,-0.02982668826565064,0.04823109952203743,-0.0015906619724265698,-0.025522793551371072,-0.04141819297956622,-0.05480700656652506,-0.04926694060915243
0.03773294215594953,0.011503522033079097,-0.0062878800072017575,-0.02856748358445602,0.044607764774217656,-0.003124026430535429,-0.02697404258435959,-0.039602977397185324,-0.054730967422472625,-0.047403273249331045
0.03733992409541336,0.014256188551898525,-0.006212038211115515,-0.027321723010399635,0.04115344757693368,-0.004584649555908781,-0.02824332885434073,-0.037859836625407726,-0.054619135146361214,-0.04570783199192687
0.03689601212649578,0.016782037833687383,-0.00609390498946438,-0.026090464228153316,0.037859551807091135,-0.005978898021465444,-0.029343888310103265,-0.03619899011605137,-0.05447088358064638,-0.04418431530451267
0.036405378275048486,0.019072709672670767,-0.005933001785545819,-0.024878501556004847,0.034720304610217335,-0.007300681752562403,-0.03028820312322354,-0.03462231877470313,-0.05429695138959638,-0.04282195394634107
0.12813292993558778,0.10971087947631676,-0.04191434513083371,-0.04301126761106806,-0.03672880601727975,-0.06886741110003008,-0.01641819384327976,-0.019800440857465303,-0.06293854139210274,-0.023914770725484202
0.11995970903759276,0.1036283176472531,-0.03725351960521649,-0.04051921228401959,-0.036212076276315695,-0.06517037843626466,-0.016555708217184103,-0.018792547687190662,-0.06030988491978066,-0.023488638078892864
0.11308646758406506,0.09777477042543652,-0.03416031900032377,-0.0350563055013598,-0.03373884169686413,-0.06249077899529062,-0.01927344859915362,-0.01954650301075555,-0.06189802337673458,-0.026287311074431843
0.10569496027459614,0.09197180377023013,-0.03006136556465628,-0.03205034904733125,-0.032613529096091394,-0.05897535811955575,-0.019867011046013985,-0.018954106600646985,-0.060138747044996464,-0.02651426054035449
0.09865285169477112,0.08652381806362042,-0.026203058373929163,-0.029224715642936865,-0.03166774479404526,-0.05575454726475017,-0.020466023504143425,-0.018687389894529033,-0.058593474240132025,-0.02684304691155826
0.09187457613839023,0.08112969669440363,-0.022461366413768672,-0.026401192630874544,-0.0305091099275296,-0.05247084817824677,-0.02101108742088048,-0.018327268963811014,-0.05701404537170327,-0.027130323845342096
0.08539490133290918,0.07590803512637938,-0.018914437896650784,-0.023689706073576282,-0.029312712614924803,-0.04931788271725032,-0.02154623258792827,-0.01804310821847414,-0.0555296022857956,-0.02743053004121201
0.0792127274047997,0.0708770274678564,-0.015536832776073749,-0.021095053695794102,-0.028096325115223395,-0.046288809009199704,-0.022023739104410696,-0.017803329701102405,-0.054100623833048866,-0.027716722950366684
0.0733264105846228,0.06603500400088663,-0.012354513558470007,-0.018629384605327436,-0.026888780633132655,-0.04339076615917258,-0.02246268041686817,-0.017610252170061874,-0.05274747892611348,-0.027990357431875185
0.06773746225572155,0.061384880570420935,-0.009361532233208935,-0.016299846303008243,-0.025699962754773917,-0.04061403195554565,-0.022866584743433335,-0.01745247746193547,-0.051477530101347396,-0.028237630173528594
0.0081800045078248,-0.008604717721044645,0.0798384653612183,-0.04279050875047979,-0.05074488441509743,-0.0330268197196192,0.012393771370560271,0.02492913870039818,-0.013409764612386814,-0.029101305601053878
0.007695815873079442,-0.008801727952134604,0.07521542196069662,-0.03764032348836879,-0.04817015954903702,-0.029736761958433673,0.00927836580215254,0.023647748676890852,-0.014323178960137161,-0.028842832054844853
0.006839914160345288,-0.0074453285390392535,0.0668912061691709,-0.03241505823563667,-0.04269703489191477,-0.027271664505345485,0.0030633467005697587,0.02056448672317116,-0.018073445165258828,-0.02930043308595521
0.006594776531717341,-0.007055630721968044,0.06185856449877378,-0.02783473123122296,-0.039674783381998036,-0.02453404586976358,-0.00032272940134437484,0.01898159924657637,-0.019444268528822493,-0.029189604338186233
0.006372017722749742,-0.00677641120116772,0.057150715525411226,-0.02373877750494133,-0.036963956392548285,-0.02205941392489679,-0.003473212680927077,0.017405881793202557,-0.02073235165981038,-0.029003318653818916
0.006337802429449957,-0.006248853153406321,0.05253331628698329,-0.019816783970370264,-0.03416533476977892,-0.01971017790999421,-0.006472439425682963,0.01587060589947248,-0.021980823999943482,-0.028862355611676334
0.006394075202860051,-0.005641131839730394,0.04808379154726422,-0.016202400121751847,-0.0314683718718299,-0.01754357072691113,-0.009284007709051913,0.014359389146241542,-0.02317213695700334,-0.028724479869616345
0.006544802450063092,-0.004957211903819333,0.04383376004873265,-0.012868881633236283,-0.028898200741734954,-0.015559709458034626,-0.01187947728737599,0.012875711547527362,-0.02427787202213591,-0.028584610540378537
0.006772300249246877,-0.004218130884787359,0.039778734667451555,-0.009813749904984702,-0.02647553561326065,-0.0137863622464577,-0.014260857733962972,0.01141931989133013,-0.025289383378694973,-0.02845237446531257
0.00706433452953799,-0.0034279129562703094,0.03591709827142042,-0.00701739569105008,-0.02419003998886691,-0.012215454855338453,-0.01642111421244904,0.009997219605853803,-0.026200479161468074,-0.02832156728785503
-0.024313878473529442,0.03504162125851217,0.023138837945463304,-0.05992196770037874,0.003915791952039061,0.05126003321897518,-0.06432520821798056,-0.04315029880103397,-0.05373383445265879,-0.036796244388084806
-0.021327580793512494,0.03239701332578764,0.020837304721729108,-0.050504970671133034,0.003661037291910221,0.04864980482144923,-0.06176809640618374,-0.04280674841864818,-0.05135364529820901,-0.035455621352972685
-0.020524081191733004,0.027749359953973995,0.017215916492408105,-0.044795313272750444,-0.0011135123250536813,0.044549313683429716,-0.05921623646173241,-0.04527814368661862,-0.054933505101488866,-0.03982315106808558
-0.017892634497472897,0.025120468516484192,0.01497897555407144,-0.03699866238263046,-0.0021916967126715636,0.04177868072908773,-0.05639455584924734,-0.0450926470707923,-0.05347511885138244,-0.03955581020848464
-0.015861224476478898,0.02228787368274418,0.012501030835065492,-0.0304614152683527,-0.0035979158173996633,0.03907996125342873,-0.05417385474187818,-0.04546490495551012,-0.05251529246679757,-0.03971677666611793
-0.013476397751768484,0.019835560224556948,0.01039654625509283,-0.02395644948470581,-0.004755671162613905,0.03647179253450388,-0.051515914658293284,-0.045325509496882264,-0.05128417084799121,-0.039635325564562694
-0.01121170311860586,0.017457450641606965,0.008374875399977652,-0.018081789220094346,-0.005957294294647304,0.03393212132906594,-0.048926310178320935,-0.045187083182415766,-0.05021060413450996,-0.039638036683632506
-0.00895574727156908,0.01524424520470642,0.006510669240236014,-0.012668334159102063,-0.00704371941535437,0.03149337583499197,-0.046336560628850915,-0.044923291361120526,-0.049158689810250844,-0.03959843888594512
-0.006769853928186754,0.01316248472161951,0.0047736244841241554,-0.007777642860936527,-0.008057134727468948,0.029143387561390677,-0.04379919837800591,-0.044574908308032436,-0.04818245330347934,-0.03955431230172654
-0.004645805519497904,0.011236625874263717,0.0031806240763442156,-0.003363499273800299,-0.008981853385822147,0.026884897833532505,-0.04131229602959619,-0.04412099723904868,-0.047263708629687436,-0.039476072125864264
0.012767049385935645,-0.029227296028309376,-0.08185860567207459,0.0568353452150167,-0.02237718020036209,0.013361565095820628,-0.028373936466291695,-0.0219977047229281,-0.013652825777230284,-2.8290429998985473e-05
0.013376536242349971,-0.026195571993191124,-0.07566668188118661,0.054104090247183934,-0.020359273186271912,0.01099400981093221,-0.027480632401706766,-0.022370900839439354,-0.014682795940394506,-0.0038909486643205755
0.015313711020178157,-0.02143772591533578,-0.06640297734791037,0.05072314222690567,-0.019384494272284586,0.00447307493861948,-0.024626176623911058,-0.02542280083592929,-0.014898391116261804,-0.008762834177678853
0.016063510647375365,-0.018324800731317824,-0.05995419507918119,0.04783291644359927,-0.01775399959325944,0.0016856207011636023,-0.02347056071556312,-0.02610152630427222,-0.015722570046952433,-0.012378339449698492
0.016826824390046027,-0.01553726334015112,-0.05393383328899588,0.04512265578860366,-0.01627441080521138,-0.0008080999009941478,-0.022503134965409004,-0.026507702662355553,-0.016593947662107186,-0.015486543259000132
0.017482662538146142,-0.01276013762041697,-0.04795635210329078,0.04232601099949002,-0.014891486688126452,-0.0032290178823714015,-0.021566205463885907,-0.026968069984290334,-0.017389113526702166,-0.018454603794308046
0.01807327532769829,-0.0101255628554543,-0.04219962800361428,0.03957457656576677,-0.013619159908284738,-0.005501506934533976,-0.020740212091730416,-0.027352872518259224,-0.018137494590323485,-0.021123956314877068
0.018590088317152142,-0.0076729807133754865,-0.03671689707236686,0.03688747785713397,-0.012441593531353804,-0.007590917156983645,-0.020054798280883784,-0.027634876469876706,-0.018851676166437934,-0.02348025001246098
0.01902972542322567,-0.005403134751230041,-0.03151638410590895,0.03428337247662489,-0.011352605985867056,-0.009504574818067862,-0.01951203614159923,-0.027831694551315015,-0.019535788438335255,-0.025551674049622334
0.019387661194203397,-0.003308870592583565,-0.026623125546625655,0.03176540795282139,-0.010328009659229108,-0.011250365188702566,-0.01908594447004416,-0.02796550705951112,-0.020181342663681313,-0.02738495730620062
-0.04431863573436915,-0.028070373376988866,-0.044915436162857536,0.03578433852662064,-0.011926894290860628,-0.06861802580221607,-0.013690425302106178,-0.039835952309923345,-0.056206139462890395,-0.03891864857276578
-0.03667772197897525,-0.02405429680623275,-0.03791778887539514,0.03286609211344052,-0.011064699232190361,-0.06560645115110507,-0.014431333761883389,-0.03891046505995676,-0.05445935970889343,-0.038977167784813485
-0.03309120644423697,-0.021423943738110823,-0.0351379196938228,0.023835766282919654,-0.013464498101892299,-0.06517048014814228,-0.020794458694854648,-0.04380006115093724,-0.05590753450681464,-0.042558072503699335
-0.026844510173862714,-0.017966018896796793,-0.029465887758514185,0.020248662527100992,-0.013080668645149953,-0.062426300092765175,-0.02225162343572397,-0.043614010633906054,-0.054604055643898884,-0.0429361183506959
-0.02191404311892587,-0.015435651718850366,-0.02508112546590477,0.016392183920076027,-0.01323019897683994,-0.06044945175153296,-0.024227183674342036,-0.04403425544931025,-0.05402170678967041,-0.04381800123868196
-0.01675154954525745,-0.012598501643576648,-0.020456971445463386,0.0130398493414777,-0.013000213886904945,-0.05796017067878685,-0.02565524157127769,-0.04390509113421278,-0.052960163378244794,-0.04419319075016167
-0.012104422419641435,-0.010056078619528,-0.016332148364204033,0.009768071298583016,-0.012885478517736365,-0.055605820479109995,-0.027092939808347812,-0.04382946393846379,-0.0520120079832459,-0.04459961800962855
-0.007752309356223822,-0.007668958392159368,-0.012494835912975361,0.006766032829240811,-0.01272717622117113,-0.05322937257363779,-0.028327129759971346,-0.04356798415081521,-0.05097600281267454,-0.04486167419638817
-0.0037797260904220624,-0.005503486908971361,-0.00903209237600426,0.003961350047915837,-0.01260999924247766,-0.050917476578042416,-0.02944384253865033,-0.04322039751716557,-0.04992355596295724,-0.04504817139380504
-0.00013831164699404494,-0.00352281305002888,-0.005884608577311325,0.0013692396632213504,-0.012505247226734307,-0.048654302464719607,-0.030389540916900916,-0.04275099942522035,-0.04882752440681022,-0.04514285508917474
0.019813279329555674,0.04640465319923464,0.06880764297237947,0.0530308687522568,-0.011463698647323285,-0.025279437212699162,0.015480897094355071,-0.036749747737447526,-0.0508948019506094,-0.03455249153957007
0.020477268743696576,0.04351706782229796,0.06429288584771212,0.04892367201592736,-0.011443217951069416,-0.024663620263867043,0.013079339584894968,-0.03624494227313668,-0.04949226431533969,-0.03484804326880652
0.024964680577625478,0.04286967286930251,0.06127601820579993,0.048098491516776753,-0.009871566932361015,-0.020172345155581903,0.013097005825335607,-0.032185273978470694,-0.044257315185218984,-0.03448710695188179
0.025930622528538245,0.040538164134125,0.05717820261078743,0.044857298289277585,-0.009651094444080032,-0.01899058666150146,0.011314095003043407,-0.031081580308062004,-0.042252059923652344,-0.034647532472215414
0.027125574146308545,0.038645312586822744,0.053555334215135676,0.04189498856282049,-0.0089628170328142,-0.017608121465092583,0.009961938126342544,-0.02952831074710106,-0.03988532015135575,-0.03435606905670661
0.027900213779688602,0.03660628013355768,0.04980550568225754,0.03896663681334315,-0.00860839814426904,-0.016487192266883027,0.008462466673993706,-0.028306897209200335,-0.037870689132901175,-0.03428779907184211
0.02860209961083647,0.03469429247666114,0.04622503493716765,0.03619061539744971,-0.0082064718561877,-0.015385550486382137,0.007092882202334452,-0.027055085259926042,-0.03585913440480831,-0.03410881255615807
0.029131717560141,0.03286319257144285,0.04277230906221667,0.03353146671964126,-0.007844411262416523,-0.014363300473477978,0.005803608649849725,-0.02589146030351587,-0.033982330778173024,-0.0338868048761049
0.02954903884112358,0.031130921107621466,0.039485963876853374,0.03099185901278962,-0.0074763256110857,-0.013374418677629013,0.0046124657164792445,-0.02476793069089056,-0.0321892184699693,-0.03356802904501472
0.029846363706995515,0.029484963400832793,0.03635882324589662,0.028565442368645236,-0.007121748078222178,-0.012422450378602451,0.003508664135248924,-0.023702692818640268,-0.03048240064324649,-0.03317939823529314
0.06787887680285759,0.03136297274212029,0.021739926137416044,-0.014176281457281698,-0.0035623138196019593,0.0373955502873656,-0.044883587108248885,0.020520330583234107,0.029895589851985354,-0.023351133124490407
0.06536881192042122,0.029751982684162553,0.020829757158964127,-0.01477151423967571,-0.0028383932597742015,0.03476937907964521,-0.04320328890030444,0.019291427878425183,0.02750831817740833,-0.023404430282644873
0.06043514277644486,0.028494402806609087,0.018637211704526545,-0.012996369671216859,-0.001225816565505665,0.03435355874213973,-0.03907535159086824,0.01498653950872929,0.027084276066240313,-0.02015760959123995
0.05744754563300712,0.02698684867533215,0.017588800955654196,-0.012904593083141697,-0.000385884545668556,0.03234361840144998,-0.036746512111288716,0.013161236876913942,0.025130697657381244,-0.019565724494816788
0.05476797539187043,0.025776487168554966,0.016679256422365802,-0.01294681781647601,0.00039159846346979244,0.03051681567991533,-0.034548713139561614,0.011473002574992907,0.0234165869430218,-0.018922310938059766
0.051962717666677934,0.024469184627960185,0.015779110458632083,-0.0127746485706686,0.0011729994879502521,0.028740804187882586,-0.03225205559940832,0.00970659292653956,0.02165956934118381,-0.018269027616930413
0.049202129755805624,0.02322631425443021,0.014929560733636651,-0.012521826331141161,0.0019470091970725033,0.027075348531382267,-0.02998246275503026,0.0079476284185589,0.019980851727582,-0.01757724268729622
0.04650760557254859,0.022055646401908966,0.014147015980148041,-0.012215992071305543,0.002696797839309732,0.025495683590099186,-0.027781873477332183,0.006244211480304444,0.018375017247365608,-0.016880889010578798
0.04388013526034829,0.020959036888857176,0.013421174931627793,-0.011851446862122588,0.0034335968401394174,0.0239978689878686,-0.02565241363914462,0.004599200688857737,0.01684069182721257,-0.016170504088610305
0.04131981420764964,0.019927853963354926,0.012734619392718362,-0.011432287764295609,0.004143161727103957,0.022574746752525993,-0.02361026240664294,0.003022482496869497,0.015371080274924495,-0.015456932707509424
0.053065813944198584,-0.049137773662111355,-0.03011477563575743,0.04840457454004227,0.06905118912649735,-0.09108141097774464,-0.026587871193860746,0.002157760971400397,-0.024097144541503832,0.024371157400082697
0.050560936398298145,-0.04331943350667608,-0.026113663314209577,0.04567960495064925,0.06514089816584476,-0.08379590366497325,-0.023422838863314435,0.0010230601596184017,-0.023908099824546152,0.022633693090264924
0.03992793308148491,-0.04310966746097213,-0.0239485356589253,0.04308973855269572,0.05747194181671596,-0.07529443010707819,-0.026235881242817248,-0.005115242584957064,-0.026773606758399012,0.01582518076842505
0.03622573997406884,-0.03845595124732423,-0.02044479470531932,0.040601428336559324,0.05315856552076152,-0.06801710250681883,-0.024215887646516953,-0.006721676511495014,-0.026802481076989407,0.013326276459718844
0.03237685297436116,-0.03465954686792017,-0.018108468045677943,0.038037035206346735,0.04885013816929446,-0.06200014645764323,-0.022857554898978828,-0.008519179861172262,-0.027385353641211453,0.01092365082667619
0.02888252260169546,-0.030572642207462246,-0.015285813243628257,0.03568352622396189,0.04480578487599089,-0.05560337123954336,-0.02126112018602998,-0.009871001527168872,-0.02741883984387085,0.008649125100974157
0.025451282245093663,-0.026780486535798606,-0.012719810577216908,0.03340620709101719,0.04087875365506401,-0.04957357035143436,-0.019901142937960692,-0.011141887784991896,-0.027435308137340735,0.006418606174393285
0.022251443419176807,-0.02311927494623676,-0.010286268418032277,0.031215275207141444,0.03715597924374963,-0.04381883873298025,-0.018583732715695266,-0.012201278259080716,-0.027315478091326353,0.004329558810296369
0.019219456740440156,-0.019672212448791342,-0.008037209279666172,0.02909952068576179,0.033605893747634924,-0.03840482578999772,-0.017378790962329416,-0.013121655616967754,-0.027121417214556177,0.002346026488622989
0.016366662728388045,-0.016422766007543905,-0.005946105425642164,0.027067276210654016,0.030235570260151643,-0.033306678078279646,-0.0162467501568193,-0.013892697712271692,-0.02683462618959613,0.00048247719478766314
0.024110612861426177,0.0013867527080226446,0.01438419808671714,-0.16117048872004128,-0.022263646329011986,0.025524194516177923,-0.0009630872625908444,0.0240425688397316,-0.003533938524116661,-0.00236870917163929
0.021690733595487215,0.004602834550538642,0.014527154955710773,-0.1482599870147637,-0.021973403604434564,0.0253317040733238,-0.000316722745579829,0.021532305866915104,-0.0037286648211322447,-0.0038453007892410326
0.015047642755396088,0.0017451636496301837,0.015729970294565184,-0.1336434076082081,-0.025094877063258008,0.020306661778759925,-0.0032619676938324396,0.020223577667890427,-0.009002451830992254,-0.008968721135792616
0.012255428648320972,0.0035154135850196597,0.015964842951097343,-0.12087563766231277,-0.02504000258217448,0.01918745570605669,-0.003261915523063574,0.018177379911718836,-0.009975308441190113,-0.010771189087553791
0.009450452912124867,0.0046969563086321315,0.01555104850419726,-0.1094127386931642,-0.025210837536591542,0.01769665754514031,-0.00374272988649132,0.01617401807381677,-0.011055380161981565,-0.012671982990379471
0.006970151261423123,0.005914641837188899,0.015407268672101944,-0.09780238854168036,-0.025023146838144477,0.016413085149317063,-0.003904728907307411,0.014341550802360305,-0.011949752235203271,-0.014195341801245596
0.004607634507192308,0.006844125505256349,0.015145656600420679,-0.08677613341375669,-0.02481265747146671,0.01506599572084885,-0.0041408877533916,0.01257355695934293,-0.012834510910880677,-0.015589691356646668
0.0024729597298180366,0.007631816763346934,0.014818077006962428,-0.07629315944528964,-0.024472322048088798,0.013742792247028322,-0.004355159068471326,0.010906934067588192,-0.013616167686859226,-0.016786995675950614
0.0005201216128521108,0.008243666437706725,0.014395777537988574,-0.06642598725274404,-0.024048122052420316,0.012417826090375774,-0.0045781718580713985,0.009335890356462317,-0.014346408266611588,-0.017838515948201523
-0.0012388654451110077,0.008717342335771287,0.01390138135677318,-0.05717415366556172,-0.023546046610446538,0.011115219970930255,-0.0047851659437046,0.007870161368254653,-0.015006042149372529,-0.01874739595561585
-0.04552746974412872,0.046020158652444736,0.01575804242389889,-0.0021007154839641864,-0.02794811964905238,-0.0065693659994273505,0.006030804685648066,-0.08019961447061282,-0.03785981089517179,-0.07930565513902146
-0.042508557779421974,0.04427605541908582,0.015328696579707726,0.00069560378056211,-0.025981103910817947,-0.006100114173888344,0.0058758133024704425,-0.075128232493394,-0.036392648611332054,-0.07478817579050161
-0.03993018667174188,0.035800160231211554,0.008656707165408192,-0.0012846820216619482,-0.02852377745974159,-0.00851246008689505,0.001174534340357205,-0.07040068658459829,-0.03541749538331249,-0.06900853622474479
-0.03688751446314161,0.032863687196916305,0.0071146911592960375,0.00028891363241350884,-0.02738584658840339,-0.008470112630372676,0.00031091362559757234,-0.06528029976680895,-0.03396555516893221,-0.064330249504368
-0.03466216579214759,0.029948124007765864,0.00542714681769292,0.0014455095638201511,-0.02662331092018443,-0.00876858827429608,-0.0009618267519216678,-0.06100211689710924,-0.033007332586730866,-0.06052423572620564
-0.03195245724990286,0.027097311338983115,0.0038699740595879765,0.002580904335051522,-0.02563949697570994,-0.008760375944775451,-0.0019026076798355526,-0.05634445184232598,-0.03169790285886087,-0.05635896875102011
-0.029396842172475103,0.024234944814811636,0.0022585682512178827,0.003484906218547714,-0.024762106594984113,-0.00879655212475539,-0.0028884031451246518,-0.051917802242581045,-0.03045910769056124,-0.052417261292569996
-0.026906493415072386,0.021511583865671733,0.0007507860143505311,0.004301435852095118,-0.02383818161872616,-0.008764903999286377,-0.0038059428917672083,-0.04763345411273262,-0.029192619712246282,-0.048661977453970356
-0.024540575430562272,0.018886444759409152,-0.0006936189164718101,0.004999565153234252,-0.022931774686256356,-0.00871341241904046,-0.004694108414838844,-0.043546813996445714,-0.027925423381325015,-0.04512775159944486
-0.022282199615028392,0.01637353840811754,-0.002052018773182807,0.005605738848337952,-0.02200943017437986,-0.008635720214883102,-0.005530415787048509,-0.039653189208864535,-0.0266552061905439,-0.041792578788668544
0.07970981553108882,0.016597713876054174,-0.013950919171593128,0.023419471241762333,-0.020042558551069005,-0.0291863645199553,-0.03279625978769811,-0.049413847999313094,-0.07528822856142187,0.014834840651709697
0.07514111420217932,0.014495213938440141,-0.014366898638909796,0.02287850594498728,-0.018915796658178243,-0.02636402106864824,-0.030992346453229597,-0.04445715447115385,-0.06885818960698176,0.012982594776864767
0.06902862607206631,0.00902585729549738,-0.017440475637115614,0.01954171367915688,-0.017810263579067544,-0.026562844716796007,-0.03129970808859051,-0.04123238464586422,-0.059738531121143204,0.009118813609705735
0.06450935627653658,0.006620912221828234,-0.01802342636130096,0.01842298896262928,-0.016677042692344372,-0.024420247204624886,-0.029673608033343284,-0.03697335757323886,-0.053251444700058444,0.006986350643434791
0.060262726122985485,0.004233081321130839,-0.018675766015818492,0.017175919137349244,-0.01598335411058046,-0.02263888158404801,-0.028323001777276452,-0.033272535250980735,-0.04761699052550596,0.004951309148789425
0.056127950101582835,0.0020697564913907934,-0.019072277211589325,0.015923384613532116,-0.015026431549441527,-0.02085284911384212,-0.02675587124054413,-0.029607453665841638,-0.041927352650412184,0.0029510986323606388
0.052151002477958945,1.8666234253740057e-05,-0.019388139402875027,0.014588724866734832,-0.014104254120751244,-0.019260927145131612,-0.025262857036203186,-0.026234800581900006,-0.036609635532818034,0.0010019429225325872
0.04835599802338922,-0.0018456490471641738,-0.019533351012089927,0.013264437099509946,-0.013160913635895435,-0.017772084744683378,-0.023786452867142368,-0.023082553874635654,-0.0316271318108898,-0.0008326391914078756
0.04473059065669762,-0.0035397498114895587,-0.019544593618742147,0.01193887864843732,-0.012236437114674514,-0.016392488223857877,-0.022369155792983635,-0.020185752011583406,-0.027011327298170764,-0.0025733802000350733
0.04127382838240555,-0.005051140301085964,-0.01940810173855598,0.01064093488046732,-0.011333576690573045,-0.015096973849837617,-0.02100756873668092,-0.017517896121840053,-0.022757460151170594,-0.004192921355028125
-0.0885688721167991,0.015522506489197362,0.030715862362351454,-0.0030060230661419626,0.05773868161655395,0.032176383601647915,-0.00826841554512435,0.04052253800097142,0.012345441818502327,-0.007719684213400771
-0.08473804316298322,0.013285050732253374,0.028761754505076325,-0.0023695676694480638,0.053591710585102405,0.03054458630264346,-0.00686381420156762,0.038832584268183944,0.012797214746997052,-0.008941216162896018
-0.0753303593255407,0.014188416312351935,0.024622593036883585,-0.0013889900321447494,0.05183718742904588,0.027090680085167664,-0.004559346431279767,0.035556910527353776,0.011213024913238197,-0.006833094780828196
-0.07029794355315282,0.012795262183236334,0.022392322075268527,-0.0007338091993929856,0.048437409506237344,0.025149930114539126,-0.003259542268379817,0.03351598376009688,0.011023493244193024,-0.007201235650715298
-0.065415059568568,0.011410671833469811,0.020459200873829065,-8.649846455284665e-05,0.04517516956387697,0.02330212222621105,-0.0017259243994865111,0.03185373797286777,0.011064560928590634,-0.0075295337004044685
-0.06043138730831315,0.010183505782207293,0.01847158989853947,0.0005244770079624615,0.04207316034495184,0.021480007727048438,-0.0004798817305450824,0.029969298636868716,0.010814268680522923,-0.007700164025763378
-0.05546723038812314,0.00906922389163227,0.016568888689503652,0.0011220879797968083,0.039144147015725765,0.019744834184169054,0.0006895923969893602,0.028114104240811143,0.010513255614288262,-0.007744531639393799
-0.050615997696066464,0.00801358439504296,0.014759899956362312,0.001664765090834087,0.03636129898839911,0.01807692341254671,0.0017587482394286248,0.026299157202765603,0.010178326299957088,-0.007728508352066939
-0.04588695592550695,0.007021738631036732,0.013040676288138889,0.002159309104884996,0.033727041623820266,0.016477057456671367,0.002723499520948382,0.024545407926285026,0.009846413994859983,-0.007654651889039777
-0.04129862850361947,0.006081532506375777,0.011404551100792741,0.0025889267508926446,0.031225875552167947,0.01494557783411717,0.0035696265790825413,0.022852061306756516,0.009544132685036321,-0.007542476496147078
0.0010805594740507982,0.011485529874560522,0.04968996089968711,0.009721963602732154,-0.0431739260376552,0.004197948403530473,0.024029573665099894,0.0365388044843148,0.01894078614073499,-0.02226995697873557
0.0012971181514158548,0.010661896809745145,0.046748309858291794,0.009682016211188709,-0.03983778287571482,0.004186937052635694,0.022197625125602763,0.03450401230597905,0.01779145625612056,-0.020725383435802013
0.002348120968531353,0.00833361296356846,0.041195584319561766,0.008973824937632836,-0.03520686796779804,0.00419027873896205,0.02204957973804626,0.03106059265340025,0.018605407823736275,-0.02095847821132984
0.0026793797639435638,0.007306421882494411,0.03795870529880093,0.008700907459298395,-0.031657848676909774,0.004205597505811041,0.02052774581324602,0.028918395352395546,0.01791294018390311,-0.01983196917035507
0.003083666334411485,0.006377481671485178,0.034865617255010424,0.00854548789146312,-0.028453384467863635,0.004211634759338117,0.018996833944308456,0.02690319890294955,0.01728656333153035,-0.018674084819738
0.0033977889626353825,0.005458329342698265,0.03185287327249009,0.008303900841332817,-0.02521681645627563,0.004220881120783055,0.017497681449655886,0.024932883065266358,0.0166811166614052,-0.01760135924780712
0.0036924710105659545,0.0045836968889572055,0.02894700087059461,0.008058275674083171,-0.022108719101618615,0.0042098713509300285,0.016030333740629895,0.023028568558861314,0.016097828858445448,-0.016564575600003288
0.003969612492772282,0.0037666648871016936,0.026166582999399467,0.00781593976480038,-0.019148890898168916,0.0041724102115083895,0.014609172291452073,0.021203682487623995,0.015516615021098903,-0.015547218684113455
0.004236624245150349,0.003005217511177523,0.023515772180882688,0.007567007018283162,-0.01631816542206141,0.004100497648445395,0.013231413072724749,0.019454311604547653,0.014938734839910052,-0.014542681113280572
0.004492895713254349,0.0023011957133842295,0.02100144765858238,0.00732157497674173,-0.013614972128238721,0.004017491495843204,0.0118976375111596,0.01777613647210783,0.014363252877091824,-0.013552284209284357
-0.014081928054164103,-0.00028136166813208166,-0.05640718413401448,0.03548598454967492,0.02992044024902069,0.017631429708081806,0.033911297717069716,-0.00031469870794116156,-0.0013003998045692372,-0.023226159841410656
-0.011388572829425216,-0.000936708894477158,-0.05327926945047579,0.03341588837758716,0.028233817394645727,0.016334316916623445,0.031205880372608623,-0.0006994583219419239,0.00017016331976559338,-0.020315922721258883
-0.009985370559829721,-0.002164163181427304,-0.05119351858710293,0.03211221153918662,0.024987698988314395,0.015149501563646497,0.026215798151985138,-0.0029102575354954274,0.0007048568053058618,-0.0197668331118002
-0.007756827091490466,-0.002753037945470643,-0.048002187944552833,0.03030677115474277,0.023171932981720107,0.014082149801636077,0.023380904599735942,-0.0034984634068986834,0.0018469093719742226,-0.017478046700661838
-0.0059622424196029795,-0.00334034554148681,-0.04502694271589982,0.028450486306399944,0.021290177161316225,0.0130004967059855,0.02057360442345882,-0.0042264318808444045,0.002686937373593442,-0.015543828723557154
-0.004148043980578018,-0.0038176176682094857,-0.04185596930139807,0.026709829731729157,0.019554460928089035,0.012057267348872419,0.01801402904179228,-0.004774979240698657,0.003507920003882098,-0.013619963273476457
-0.00252299958961612,-0.004252828117173108,-0.0387109152451464,0.024995443077257245,0.017865681601393048,0.011152445102853924,0.015590798610199378,-0.0052937843714842645,0.004156846068004399,-0.011875476439323919
-0.001039134341799756,-0.004624196218517595,-0.03557618022133397,0.023327708689184427,0.016257565773586783,0.01030491800594235,0.013326383311918016,-0.005742358218812695,0.004667273576153724,-0.010262539297238941
0.0002944868719831398,-0.0049411097608410455,-0.03250001519853294,0.021706027764238713,0.014719369705630151,0.009506161968794427,0.011205688193848257,-0.006134843243329052,0.005023911256684486,-0.008787557150299028
0.0014977424664343083,-0.005198034766507945,-0.02948770487047459,0.02014265804495638,0.013256426603364815,0.008762445264335495,0.00923791661334898,-0.006472549441821274,0.005237437061388235,-0.007430613597417074
-0.0023678211281107156,-0.018238501773189475,-0.014898622895605644,-0.032241119197097455,0.001040457957055672,-0.006013005205779752,-0.02897550492891479,-0.039026320356763365,0.04357651890602504,-0.030160554272915904
-0.0010047848749514011,-0.017254075087734144,-0.0128613273145123,-0.02989035196897191,0.0008059831528588925,-0.005659684778986677,-0.026990906791031957,-0.03540016706139475,0.040458617672142726,-0.026476750806348363
-0.0018544464122161374,-0.01851187796204715,-0.01364339302189554,-0.029624905198963915,-0.0028094662146977843,-0.008669522807800166,-0.028796318258351647,-0.03579313489474234,0.034868371165638117,-0.024665832102917368
-0.000953014407893245,-0.017863090529700927,-0.01221834773367011,-0.027539961936335382,-0.0035337670660740153,-0.008771035385997269,-0.0272231104388128,-0.03306991335582987,0.03154873318917519,-0.021639651848778148
-0.000611830177980899,-0.017647617239288243,-0.011307396018664505,-0.02599062846687439,-0.004612675871832146,-0.009258692537562244,-0.026167443833747375,-0.03100792948457598,0.028186376529310223,-0.01933194932763648
-1.0784864050887273e-05,-0.017139173133384183,-0.010203279318317262,-0.024100630843943396,-0.005379273646247163,-0.009413387184910024,-0.024697259710720395,-0.028738564683504674,0.025111805759503784,-0.01689165959552322
0.0004465130136169916,-0.0167015299720086,-0.009252244222460898,-0.022318974659262615,-0.006155861111592049,-0.009600418313168805,-0.023316194515867077,-0.026690506812763214,0.022145946607252043,-0.014757216884675333
0.0008758218157886181,-0.016246730449995153,-0.008348049271601998,-0.020551791697350733,-0.006844866293666371,-0.009711657434098441,-0.021920010036382418,-0.024721842552707773,0.01937230714495658,-0.012814735747032785
0.001232648651937459,-0.015813466608838197,-0.007538174007975252,-0.01887371290776447,-0.0074898735533894195,-0.009810804895395202,-0.02059456766891393,-0.022885051255238764,0.016763192969441277,-0.01110304262412768
0.001546667522109706,-0.015378472175701013,-0.006805704722223285,-0.017271779005071698,-0.008074053720122857,-0.009886054810058659,-0.019310992416539156,-0.02115125701881352,0.014324896490015445,-0.00956734474175744
0.022556124234661055,-0.04577681571238298,-0.03146232053839339,-0.035900504300951194,0.015494696710434287,-0.005628116053065022,0.045269029720271116,0.030645008555468777,-0.013669632047748372,0.008820670867343117
0.02054175506137966,-0.042178879371844655,-0.028483623015847274,-0.032215393307455716,0.013474625111268134,-0.005586709371563501,0.042102345169689255,0.028273803575883914,-0.014280973754013125,0.008591037027431369
0.01831957413278546,-0.03739360399834122,-0.02241208331630251,-0.027757704502408567,0.011715946023067417,-0.008153170653508636,0.036365564162700266,0.026753236125625416,-0.01370681553605162,0.006910444027434989
0.016446136918554583,-0.033800844616726805,-0.01922884000141466,-0.024318832958833622,0.00997623213708761,-0.008527946341604522,0.03292116952260162,0.02463327049511219,-0.01379945458736785,0.00639275488950736
0.014812952667162427,-0.030448297198645415,-0.01641606966951881,-0.021031684538032402,0.00852593877010745,-0.008739333619677785,0.029779168277636884,0.022592653372408827,-0.013910537584390058,0.005949950938941406
0.01317673418270416,-0.027159835100647612,-0.013671626383889923,-0.01800548321690844,0.007088819959223207,-0.009021716148454798,0.026651304596772257,0.020599508128891476,-0.013829240307043378,0.005484446541663637
0.011634018401887665,-0.024002431511961415,-0.01109930506942377,-0.015183922117297756,0.005759445676268752,-0.009248816505051893,0.023642769054836796,0.018690750342358883,-0.01365879662646773,0.005048117419360725
0.010187635118459807,-0.021004482549076817,-0.008744189776391057,-0.01256862369002359,0.004525712055235997,-0.009403284089835415,0.020784759644350382,0.01686809507231044,-0.01343512825892055,0.004626069344412887
0.008834316366515698,-0.01816622716826895,-0.006593289753539089,-0.010144801563674337,0.0033722859027047187,-0.00948319525038099,0.018075130648381784,0.015149604413310097,-0.013175300190649945,0.004209450581741332
0.007573335919024227,-0.015496102164581542,-0.004645495489970395,-0.007908307570960175,0.0022870365345248962,-0.009487625338971076,0.015503691599033661,0.01354230942855989,-0.012911373145844382,0.003797359682309541
0.03772283557564468,-0.013376604429041304,0.02100888303929416,0.02905276846103168,-0.06458938730472905,0.08195561182130841,-0.005509128218912416,-0.04286889325398031,-0.04117783221902096,0.03900135284767188
0.034401425797622294,-0.011169175450996289,0.020088951577218062,0.027340500726141113,-0.05965119909595872,0.07752699457106613,-0.005900246403387757,-0.03988228807260715,-0.03797695312998274,0.03700228657498269
0.0313968010344392,-0.008891165996251234,0.015634297003636045,0.02589157153568216,-0.053383304791406794,0.07101162522386993,-0.007821755398482377,-0.03844342577536418,-0.034722574974301396,0.029765770615766154
0.02836666639399835,-0.006904969786468043,0.014137572471820846,0.02430556464957749,-0.04838995667833234,0.06651364134814543,-0.008369538561521223,-0.03557762154084397,-0.03165458135950101,0.027027385544339536
0.025484961198272267,-0.0051759698071475735,0.012685219901084335,0.022619673929880884,-0.043984931286337486,0.06223630510136458,-0.009022875361699979,-0.03298522464362084,-0.02893930867332477,0.024345459993757135
0.022719615946431928,-0.003467386898727665,0.011271938623274,0.021054456296867117,-0.03947871980102649,0.058101220932948304,-0.00949322341408186,-0.030279196504062036,-0.026159361108175017,0.021814765823202176
0.020069602780377182,-0.0018919915683849623,0.009876183458221966,0.01950768501062987,-0.03519277218589974,0.05412223046200412,-0.009928981844182188,-0.027699508531161467,-0.023518725304708943,0.019363837104472738
0.017560393442322308,-0.0004202856518003026,0.008564459196294375,0.01801051200224749,-0.031117844954321114,0.05032069720249576,-0.010286506804258489,-0.025229770595479803,-0.020975528443039928,0.01704862371648487
0.015180940932116142,0.0009410371821804669,0.007314494993621843,0.016555445142668018,-0.027274570873840626,0.0466858628830451,-0.010575783327999976,-0.022905601830063058,-0.01855419877372054,0.014859020247315391
0.01293261826047424,0.002194430351378434,0.006130074835009197,0.015159811359658588,-0.02366607210752661,0.04321693199728712,-0.010800634696811279,-0.02072865618385256,-0.01625546017747098,0.012805932821916626
-0.05159732428982918,-0.007970342180508775,0.0014160676903138291,0.04602086203055897,0.03310707689706057,-0.04604832423584821,0.04489206416660252,-0.0035028941027897527,0.022661889318160194,-0.014390605696075453
-0.04787112466787959,-0.005534932078305933,0.0017961850870177685,0.042898749822111754,0.03110890174957268,-0.04437530207218826,0.042197336614049064,-0.00292110867326386,0.022296028695160727,-0.013736811714725536
-0.04427234580412915,-0.0030114268449087443,0.0005505364678729869,0.03668350795424202,0.02665157452190906,-0.04179032512365205,0.037223984470945985,-0.0008027547362152847,0.016876900791752907,-0.01268579931186773
-0.040604452697119736,-0.0008674185174194705,0.0006565559240148354,0.033275956803150715,0.02435738106276003,-0.039784925852978374,0.0342180717416925,-1.1486124354794872e-05,0.015561147916992974,-0.011791682324552454
-0.03730716682023257,0.0009167626503440878,0.0006351395761523001,0.030025804562941245,0.022088396580370366,-0.03804621425319912,0.031396023198061035,0.00046873217092411587,0.014267953436244736,-0.011065593592336076
-0.0338679885718613,0.002625723499107841,0.0007249952751741111,0.026918920063874086,0.019934562674227583,-0.036105192059323866,0.02864679769046277,0.0010758483432527339,0.012962933701391401,-0.01017489088767578
-0.030549388470508552,0.004125386398493366,0.0007897674432325459,0.023947790081431265,0.017856462340160847,-0.03417397681894376,0.026005508252433546,0.0016379898624287455,0.011628966534624443,-0.009277761206921252
-0.027335638931636878,0.005470009230881657,0.0008779908004205665,0.02114008262957923,0.015891156251236455,-0.032239359347178365,0.023500605996962593,0.002182591900996779,0.010316303369584721,-0.008355400475425302
-0.024260029683448894,0.0066453857196979976,0.0009645508055613287,0.018475897795234224,0.014031137528081576,-0.030320953062416417,0.021121756135756745,0.0026989634718004476,0.008997100542208876,-0.0074468271395330835
-0.021323189528481036,0.007665764016014543,0.0010586666724112222,0.015957967249582355,0.012282365027952758,-0.02842329228732484,0.018868774041477538,0.0031959557460786736,0.007673697000079706,-0.00656612642731269
0.016442359903473848,0.07885725468148808,0.019406267365739784,-0.008905516538946704,-0.023957363329404104,-0.07118000083617873,0.04803500943511791,0.015577104101609703,0.03300837489434566,-0.016602396872925813
0.015403609591153635,0.07412177855469627,0.01803161650054306,-0.00920646042705585,-0.02239542362326241,-0.0648763630385496,0.04483465370476455,0.01469917474477264,0.030575821749418263,-0.014510712688539883
0.0125339006888427,0.06766223381697742,0.016506152451796024,-0.010995536589051233,-0.021582884561702022,-0.05586172655617515,0.04023170726310298,0.014453983631167578,0.027718793537886567,-0.010003355189369989
0.011244424175050305,0.06289152397004946,0.01517033521700371,-0.011327606732305154,-0.020104725836895373,-0.04953483120314663,0.037029880664058754,0.013675593773561256,0.025356809376449917,-0.007862398318234768
0.01015773041665256,0.058472094860285054,0.0138802096848977,-0.011402755237106712,-0.018552502007734926,-0.04374552481479609,0.03406760804851918,0.0128515808534843,0.023121712509636953,-0.006124421332607362
0.009025844623138025,0.05411729391211373,0.012625031626458958,-0.011473990613980158,-0.01704624919255457,-0.03814505400114573,0.031185692235866765,0.012042458576228755,0.020971504456196124,-0.00450832382001918
0.007960869791322293,0.04994834644952352,0.011420746401050215,-0.011451315978611367,-0.015556205319579153,-0.032897194264397675,0.028444375393109997,0.011240866751398659,0.01892507344198085,-0.0031253792696534118
0.006992876321190448,0.04599398948008108,0.010277510342150551,-0.011310026157341018,-0.014078950792843123,-0.02802994907710463,0.025855724479870064,0.010459667449627624,0.016991014059918017,-0.0019769783328730853
0.006119494258567197,0.04225196828166587,0.00920597943973278,-0.01106839327507746,-0.012627032231895648,-0.023521011819037548,0.023415295069963715,0.009713694913303745,0.015172875452645593,-0.0009976439835467142
0.005334259670106613,0.038717325948621296,0.008202832409510695,-0.010758566843356687,-0.01119300929294318,-0.01934891734989482,0.021120752337305235,0.009014094450959066,0.01346544653285968,-0.00014521654467158685
0.03852052954597476,-0.04043483230413601,0.004135792760379944,-0.001872962371770814,0.05436070596763777,0.04930173227615806,-0.09243841081463705,0.0731086687487586,0.015502399621343359,0.030293601250377434
0.0363738845556871,-0.03817816138234945,0.0038614572735322437,-0.001061812700942526,0.05165867904711126,0.04762677039232567,-0.08761143868853247,0.06963862010391152,0.01416579286142134,0.02861814345262643
0.03200832414070165,-0.029073740171747367,0.005496699529505595,-0.001801860451356424,0.04749790797631776,0.03973147010164614,-0.07746087341656101,0.059987518124305146,0.01170843626683107,0.025796598862776823
0.029607186257275184,-0.025561816153545712,0.0056288391728731065,-0.001414707547506709,0.04465672932044952,0.03685069052620914,-0.07161800029652951,0.05548094730914626,0.010352999103837548,0.024053686978281166
0.027530408150904323,-0.02257009960237292,0.005633534675228677,-0.0010255048457066065,0.04207497666498161,0.034440794070250254,-0.06631600094530848,0.05149843316184846,0.009236632332898034,0.02250567194505497
0.025401103548202957,-0.019365070187705762,0.005719195818869925,-0.0007459952331735448,0.03944627342693518,0.03178645783139629,-0.060832975810022435,0.047400138657244906,0.008127598967391226,0.021029816848160722
0.023354233048512713,-0.01623674970065077,0.005798258687966906,-0.0005355044032976543,0.036878532288646945,0.029166997471979976,-0.055498553128122644,0.0434263525352191,0.007080435827014485,0.01967699687290326
0.02141435272020698,-0.013263864872501458,0.0058388601090860704,-0.0003748294745404909,0.034391793402204315,0.026659891502343692,-0.050392919661376594,0.03963771815066984,0.006109084646347671,0.01845048289592032
0.019574715900715186,-0.01044218493510655,0.0058416277431767895,-0.0002418497680161283,0.03199045505279057,0.024269312126875442,-0.04551511662945438,0.03603267259651465,0.005209413540820479,0.017348550709445965
0.017836170340377915,-0.00778247391633915,0.005795796061241263,-0.0001289582323831556,0.029679024373056178,0.021997978781646728,-0.04087324893652798,0.032617438672493275,0.0043839811519381395,0.01634805568630015
-0.04727848158321997,0.023890097104410885,0.013521807838441424,-0.0007612616934348044,-0.006836821078055859,-0.015970148372595406,-0.03435125486435398,-0.04517881959531629,0.026458447190671346,0.022986402665441982
-0.04268802799554875,0.02317643012874494,0.013621581968314296,9.362872572685587e-05,-0.006990546532127255,-0.014666898305955692,-0.03004661615758086,-0.04304426523211163,0.02471457678284044,0.02237664571179432
-0.03821550658519833,0.01693665559845477,0.00927649771286466,-0.0043541465073451075,-0.008758589332453727,-0.01422590564510284,-0.031456495042838636,-0.039362967276551156,0.021218700646291812,0.016574122942828885
-0.03377984003081992,0.01528179285982553,0.008517136391852946,-0.004392700364742528,-0.00895516709501356,-0.013015530357849314,-0.02859168332251328,-0.036715710302922755,0.01937486173875532,0.015157273442687283
-0.030352296946416255,0.013495764481007038,0.007488363766742955,-0.0047928754926458185,-0.00953945083040468,-0.012309533576125157,-0.026125831870077533,-0.0348105185267732,0.017479885631450642,0.01363653518990736
-0.026520703129427323,0.011841409948295916,0.006598464197735184,-0.004934398757870361,-0.009721978747053805,-0.011275026847179835,-0.023730775549939073,-0.032347608244542275,0.015775337030904675,0.012216240426216265
-0.02294826002949997,0.010141234267140154,0.005644658385370198,-0.005152427681163212,-0.009879449858346356,-0.010296280906457246,-0.02157905967986704,-0.029912511244397907,0.014118251687631344,0.010750805633963845
-0.019546571557169354,0.008529510208992522,0.004759200631637925,-0.005314194272413611,-0.009947027910150261,-0.009296463348913897,-0.019542891542483287,-0.027478532103418572,0.012567202101179373,0.009364610219590362
-0.016383725826390576,0.006958526307624576,0.0039028452859858117,-0.005475459569139078,-0.009968285481499473,-0.008316459287192041,-0.017669333359921248,-0.02510653519472612,0.011106034335725653,0.00800753431792197
-0.013445169305650028,0.005442430637912057,0.0030858215896892955,-0.0056173645993392906,-0.009933996092297987,-0.0073441871342335525,-0.015936869226727594,-0.022788075130820533,0.009740635815408624,0.006694896385533649
0.032326728527285443,0.05504722217995597,-0.021199464918461,0.016205441107027815,-0.008611204988647456,0.0076396531496497,-0.05923260350499754,0.05064434845408717,-0.024461832366148246,0.022027999902013637
0.03025072154971616,0.050862153426282426,-0.020082666139968036,0.014715193196247811,-0.007598627936289504,0.0070159998083853155,-0.0524867274296763,0.04702751048742121,-0.023636015105410104,0.02038079568055653
0.02727966564827633,0.045396110933935994,-0.018367334213568978,0.014346305937409176,-0.006110817770146461,0.007195515124236466,-0.042480636633435695,0.04251714412740282,-0.0243201603041802,0.018321371028120204
0.025192851158352295,0.041344644373770646,-0.01704298510994864,0.013087611705276392,-0.005059635726357703,0.00679215636895804,-0.03597921273238696,0.03900890445149984,-0.023560847036270757,0.01662482607888058
0.02330843854625168,0.037607706239110944,-0.015600468309615334,0.01188136118277772,-0.004093485233804297,0.006547020581006329,-0.030001586242288006,0.03578794185131887,-0.02262682091032793,0.014913742157316804
0.021380320487558297,0.03395780537055361,-0.014193040022059724,0.010686826654077278,-0.003146498787041489,0.006235968515732612,-0.024354104453761558,0.03261730629492688,-0.02174428970796453,0.013312574252056987
0.019511219881583382,0.030482422009218125,-0.01276948021448413,0.009538838324237136,-0.002240864902909728,0.005954745445507382,-0.019087438081942798,0.029598917266593913,-0.020844377292791122,0.011791908564587552
0.017710364347096212,0.027190757255219543,-0.011356855552761351,0.008432635053010533,-0.0014099272203082103,0.005709738026035329,-0.014236799468126216,0.026740378112596268,-0.019941398227259256,0.01033189910926223
0.0159820926246363,0.024077504261556425,-0.00995160018610669,0.007384110289773079,-0.0006614067502118173,0.005510107484753515,-0.009792892045595933,0.024044775998472,-0.019040483312611118,0.008954150444380566
0.014330711773666596,0.021139196370853368,-0.0085562256945229,0.006395702099903572,9.282902199654632e-06,0.0053517679118441535,-0.00574297009061108,0.02150375642301594,-0.018147333517488092,0.007673257272384799
0.0027536711292834026,-0.07457517122353519,0.04085471011348559,-0.01656126075709401,-0.0026856961408036335,0.04784355853144401,-0.024358194640833435,-0.07449339882378771,-0.008097052700963357,-0.018312287849940802
0.002662664379165513,-0.06997232309403804,0.038746461419798886,-0.015313709629457595,-0.002562380897667718,0.04567872920160887,-0.018527188721780937,-0.068162642664708,-0.007559672107795495,-0.017021636489259348
-0.0030755775367888316,-0.06713474524823428,0.029336103281843544,-0.01835576049019298,-0.0038198358586585394,0.040157096511748994,-0.015960652310185876,-0.06474127920411647,-0.01146229794841886,-0.02125224895788061
-0.0038955828221324353,-0.06268485615289247,0.026154877154522697,-0.01768119701637254,-0.0038276012586760176,0.037529753074462456,-0.011452043988555653,-0.059133418010009584,-0.0116393525471471,-0.020694776626024744
-0.005128867963582593,-0.05906996910348114,0.02267741929111466,-0.01764861329637687,-0.004350665383105066,0.034719598305317075,-0.00826223214460105,-0.05463016308998773,-0.012136142095963002,-0.02067192152278991
-0.005932569694854626,-0.05492183439324267,0.019606323896610156,-0.017118811693676912,-0.004493380632625671,0.0321449839387882,-0.004870648150135306,-0.04980440702736983,-0.012342995086354792,-0.0202343164891359
-0.006763022978029262,-0.050934821958679724,0.016581899892828912,-0.016661465639414005,-0.004709692755483003,0.02958926873572684,-0.001965671694247,-0.04537189516885664,-0.012580859078211054,-0.01990225003043743
-0.007433015334133161,-0.04697398026940057,0.013780920165733457,-0.016099853464801153,-0.0048824527578272235,0.02712128641010274,0.000645533672533506,-0.04118151414814499,-0.012688573778018247,-0.019495169534315637
-0.00802031009736537,-0.043131026364555576,0.01114377584252336,-0.015521839863389408,-0.005070248257881433,0.02471910719692908,0.002904314157557607,-0.03729843419745913,-0.012746571339468398,-0.019092701111135438
-0.008502763207827327,-0.03940377337243253,0.008691245161375556,-0.014910054024512792,-0.005244224087750494,0.022394414227808305,0.004861110509467715,-0.03370350611709924,-0.012739256962460102,-0.018671837622160677
0.02603602404401824,0.026542839884515206,0.04611018765217532,-0.00032849623204763757,0.015196126086319288,-0.05090173038292387,0.024484221348271884,0.026251321524193107,-0.03346655984161411,-0.02435346846196909
0.023763639415527196,0.024730957196651835,0.04258429005363412,-8.425720446581473e-05,0.013381409423047951,-0.04833328416905834,0.023455644024306263,0.024218089459858122,-0.03056613251207668,-0.023142720723388573
0.019761101043047704,0.021052564669747875,0.03896151610417449,0.0005972138932015044,0.01519156170155307,-0.04321739549507678,0.026122678508811427,0.023261420323239773,-0.02734375269289929,-0.020202126838539565
0.01736441407470053,0.01897975002985671,0.035707122412615394,0.0008832513158368849,0.01414716812804378,-0.04025063425633555,0.02559263679967961,0.02147129536830305,-0.024656546293954987,-0.01878214680388957
0.015300489242368416,0.017245190327083503,0.032634126412830256,0.0013467602189803304,0.013273324165155451,-0.03737658020935388,0.025176069716687774,0.02003307454335692,-0.02194602571410256,-0.017199118361164382
0.013203391475319633,0.01542596515547989,0.029686617648300443,0.0016755903622516744,0.012402195583996809,-0.03456533028792893,0.024599780729526528,0.01846535491567378,-0.019506954848117597,-0.015775450988573195
0.011229970171629178,0.013707287520806041,0.026895394750233514,0.0019975663653894245,0.011613093755480544,-0.03181875339452924,0.024024981380946664,0.016988982546628718,-0.017197772056933732,-0.014379620025544432
0.009360509824654441,0.012074694740421964,0.024235703125503532,0.0022735189402444626,0.010877301650172456,-0.02920105424071382,0.02339268662426185,0.015593919687234755,-0.015049217673223144,-0.013057814963302878
0.007608300405588729,0.010538559671779961,0.02171011039425824,0.002525118978143847,0.010200223608593783,-0.02667280174115147,0.02272035448168569,0.01429437576899381,-0.01303644082922887,-0.011780835094879994
0.005975195556812486,0.009098343417318952,0.019314628102111105,0.002764464947923072,0.009567387829220573,-0.024225265714164564,0.022006045836428234,0.013079666153543796,-0.011160628417553536,-0.010559854147505675
0.023021357238044115,-0.011225722241445952,-0.03151157405117011,0.03346550082814741,-0.020272176121056064,0.004790305696810581,0.04051401416185807,0.033143061974867626,0.0015826054864141084,-0.003485848071990232
0.02124171028131611,-0.010914679062454784,-0.030786564253867145,0.03110816208400961,-0.01929232830722202,0.005024005629277972,0.03880958912544173,0.030671513430279997,0.002016090205220591,-0.00233306661733142
0.017541733453580736,-0.008182142351996286,-0.027770071140444753,0.0287226538281481,-0.016179371826128382,0.0036573464151945546,0.03567842568586678,0.02933705742331254,0.0025961101137715434,-0.0010003429288079917
0.015546651977342884,-0.007362912223709413,-0.02649712458091688,0.026553871244629525,-0.014765714578224468,0.003587660365503183,0.03366730891521395,0.027305819059241284,0.003018875224129928,-1.1174829949620839e-05
0.013787461543289496,-0.006690930789731529,-0.02534838547943435,0.024508360490872873,-0.013395225179472392,0.003674386756048387,0.03192540454600271,0.02532730281803183,0.0035580823471561066,0.0009018796274490978
